Position;Height above ground [m];Time;X [m];Y [m];Z [m];Opening Angle [°];Stalling Angle Left [°];Stalling Angle Right [°];Roll Angle Left [°];Roll Angle Right [°];Yaw Angle Left [°];Yaw Angle Right [°];Speed hor. [km/h];Speed vert. [km/h];Speed resulting [km/h];WindTime|WindName|WindSpeed|WindSpeedTangent|WindTurbulence|WindSpeedCleanTan|WindSpeedCross
-93.94;NaN;2026-03-28T09:29:36.5801833+01:00;-82.72;0.00;42.46;NaN;NaN;NaN;NaN;NaN;NaN;NaN;0.000;0.000;0.000;"2026-03-28T09:29:36.550+01:00|W1|2.3|2.27|0.10|2.27|0.10;2026-03-28T09:29:36.550+01:00|W2|1.5|1.47|0.14|1.47|0.37;2026-03-28T09:29:36.550+01:00|W3|1.8|1.67|0.09|1.67|0.00;2026-03-28T09:29:36.550+01:00|W4|1.5|1.05|0.24|1.05|1.09;2026-03-28T09:29:36.550+01:00|W5|1.2|0.91|0.21|0.91|0.36;2026-03-28T09:29:36.550+01:00|W6|0.9|0.53|0.07|0.53|0.75;2026-03-28T09:29:36.550+01:00|W7|1.1|0.34|0.05|0.34|0.85;2026-03-28T09:29:36.550+01:00|W8|1.3|0.44|0.13|0.44|1.16;2026-03-28T09:29:36.550+01:00|W9|1.3|0.93|0.15|0.93|0.69;2026-03-28T09:29:36.550+01:00|W10|1.5|1.33|0.32|1.33|0.52;2026-03-28T09:29:36.550+01:00|W11|1.1|0.44|0.19|0.44|0.98;2026-03-28T09:29:36.550+01:00|W12|1.2|-0.28|0.32|-0.28|1.15"
0.00;3.55;2026-03-28T09:29:40.7022251+01:00;-0.02;0.00;0.00;0.0;-11.500;-11.500;0.000;0.000;0.000;0.000;99.521;-20.248;101.560;"2026-03-28T09:29:40.804+01:00|W1|1.8|1.84|0.01|1.84|0.04;2026-03-28T09:29:40.804+01:00|W2|1.3|1.12|0.17|1.12|0.40;2026-03-28T09:29:40.804+01:00|W3|1.4|1.25|0.41|1.25|0.33;2026-03-28T09:29:40.804+01:00|W4|1.3|0.89|0.04|0.89|0.94;2026-03-28T09:29:40.804+01:00|W5|1.1|0.95|0.03|0.95|0.38;2026-03-28T09:29:40.804+01:00|W6|1.3|1.09|0.21|1.09|0.64;2026-03-28T09:29:40.804+01:00|W7|1.8|1.63|0.23|1.63|0.17;2026-03-28T09:29:40.804+01:00|W8|1.5|0.45|0.25|0.45|1.40;2026-03-28T09:29:40.804+01:00|W9|0.9|0.24|0.15|0.24|0.75;2026-03-28T09:29:40.804+01:00|W10|1.2|0.70|0.25|0.70|0.66;2026-03-28T09:29:40.804+01:00|W11|1.0|0.34|0.11|0.34|0.91;2026-03-28T09:29:40.804+01:00|W12|1.4|-0.24|0.16|-0.24|1.39"
1.00;3.57;2026-03-28T09:29:40.9224103+01:00;1.41;0.01;-0.14;4.1;-5.717;-7.935;-1.927;5.387;1.878;-2.257;93.637;-11.287;94.315;"2026-03-28T09:29:40.804+01:00|W1|1.8|1.84|0.01|1.84|0.04;2026-03-28T09:29:40.804+01:00|W2|1.3|1.12|0.17|1.12|0.40;2026-03-28T09:29:40.804+01:00|W3|1.4|1.25|0.41|1.25|0.33;2026-03-28T09:29:40.804+01:00|W4|1.3|0.89|0.04|0.89|0.94;2026-03-28T09:29:40.804+01:00|W5|1.1|0.95|0.03|0.95|0.38;2026-03-28T09:29:40.804+01:00|W6|1.3|1.09|0.21|1.09|0.64;2026-03-28T09:29:40.804+01:00|W7|1.8|1.63|0.23|1.63|0.17;2026-03-28T09:29:40.804+01:00|W8|1.5|0.45|0.25|0.45|1.40;2026-03-28T09:29:40.804+01:00|W9|0.9|0.24|0.15|0.24|0.75;2026-03-28T09:29:40.804+01:00|W10|1.2|0.70|0.25|0.70|0.66;2026-03-28T09:29:40.804+01:00|W11|1.0|0.34|0.11|0.34|0.91;2026-03-28T09:29:40.804+01:00|W12|1.4|-0.24|0.16|-0.24|1.39"
2.00;3.59;2026-03-28T09:29:40.9623705+01:00;2.46;-0.03;-0.26;7.8;-0.885;-4.222;-1.146;2.830;2.974;-3.701;96.173;-10.242;96.722;"2026-03-28T09:29:41.051+01:00|W1|1.8|1.84|0.01|1.84|0.04;2026-03-28T09:29:41.051+01:00|W2|1.3|1.12|0.17|1.12|0.40;2026-03-28T09:29:41.051+01:00|W3|1.4|1.25|0.41|1.25|0.33;2026-03-28T09:29:41.051+01:00|W4|1.3|0.89|0.04|0.89|0.94;2026-03-28T09:29:41.051+01:00|W5|1.1|0.95|0.03|0.95|0.38;2026-03-28T09:29:41.051+01:00|W6|1.3|1.09|0.21|1.09|0.64;2026-03-28T09:29:41.051+01:00|W7|1.8|1.63|0.23|1.63|0.17;2026-03-28T09:29:41.051+01:00|W8|1.5|0.45|0.25|0.45|1.40;2026-03-28T09:29:41.051+01:00|W9|0.9|0.24|0.15|0.24|0.75;2026-03-28T09:29:41.051+01:00|W10|1.2|0.70|0.25|0.70|0.66;2026-03-28T09:29:41.051+01:00|W11|1.0|0.34|0.11|0.34|0.91;2026-03-28T09:29:41.051+01:00|W12|1.4|-0.24|0.16|-0.24|1.39"
3.00;3.63;2026-03-28T09:29:41.0026818+01:00;3.50;0.04;-0.38;8.8;4.110;-0.571;-0.323;2.380;4.103;-5.272;96.235;-11.915;96.970;"2026-03-28T09:29:41.051+01:00|W1|1.8|1.84|0.01|1.84|0.04;2026-03-28T09:29:41.051+01:00|W2|1.3|1.12|0.17|1.12|0.40;2026-03-28T09:29:41.051+01:00|W3|1.4|1.25|0.41|1.25|0.33;2026-03-28T09:29:41.051+01:00|W4|1.3|0.89|0.04|0.89|0.94;2026-03-28T09:29:41.051+01:00|W5|1.1|0.95|0.03|0.95|0.38;2026-03-28T09:29:41.051+01:00|W6|1.3|1.09|0.21|1.09|0.64;2026-03-28T09:29:41.051+01:00|W7|1.8|1.63|0.23|1.63|0.17;2026-03-28T09:29:41.051+01:00|W8|1.5|0.45|0.25|0.45|1.40;2026-03-28T09:29:41.051+01:00|W9|0.9|0.24|0.15|0.24|0.75;2026-03-28T09:29:41.051+01:00|W10|1.2|0.70|0.25|0.70|0.66;2026-03-28T09:29:41.051+01:00|W11|1.0|0.34|0.11|0.34|0.91;2026-03-28T09:29:41.051+01:00|W12|1.4|-0.24|0.16|-0.24|1.39"
4.00;3.66;2026-03-28T09:29:41.0419909+01:00;4.54;0.06;-0.52;10.6;8.117;2.916;-0.955;2.790;5.087;-6.835;95.917;-13.956;96.927;"2026-03-28T09:29:41.051+01:00|W1|1.8|1.84|0.01|1.84|0.04;2026-03-28T09:29:41.051+01:00|W2|1.3|1.12|0.17|1.12|0.40;2026-03-28T09:29:41.051+01:00|W3|1.4|1.25|0.41|1.25|0.33;2026-03-28T09:29:41.051+01:00|W4|1.3|0.89|0.04|0.89|0.94;2026-03-28T09:29:41.051+01:00|W5|1.1|0.95|0.03|0.95|0.38;2026-03-28T09:29:41.051+01:00|W6|1.3|1.09|0.21|1.09|0.64;2026-03-28T09:29:41.051+01:00|W7|1.8|1.63|0.23|1.63|0.17;2026-03-28T09:29:41.051+01:00|W8|1.5|0.45|0.25|0.45|1.40;2026-03-28T09:29:41.051+01:00|W9|0.9|0.24|0.15|0.24|0.75;2026-03-28T09:29:41.051+01:00|W10|1.2|0.70|0.25|0.70|0.66;2026-03-28T09:29:41.051+01:00|W11|1.0|0.34|0.11|0.34|0.91;2026-03-28T09:29:41.051+01:00|W12|1.4|-0.24|0.16|-0.24|1.39"
5.00;3.68;2026-03-28T09:29:41.0799288+01:00;5.57;0.01;-0.68;14.1;10.862;5.987;-2.259;2.592;5.915;-8.296;96.225;-15.196;97.418;"2026-03-28T09:29:41.051+01:00|W1|1.8|1.84|0.01|1.84|0.04;2026-03-28T09:29:41.051+01:00|W2|1.3|1.12|0.17|1.12|0.40;2026-03-28T09:29:41.051+01:00|W3|1.4|1.25|0.41|1.25|0.33;2026-03-28T09:29:41.051+01:00|W4|1.3|0.89|0.04|0.89|0.94;2026-03-28T09:29:41.051+01:00|W5|1.1|0.95|0.03|0.95|0.38;2026-03-28T09:29:41.051+01:00|W6|1.3|1.09|0.21|1.09|0.64;2026-03-28T09:29:41.051+01:00|W7|1.8|1.63|0.23|1.63|0.17;2026-03-28T09:29:41.051+01:00|W8|1.5|0.45|0.25|0.45|1.40;2026-03-28T09:29:41.051+01:00|W9|0.9|0.24|0.15|0.24|0.75;2026-03-28T09:29:41.051+01:00|W10|1.2|0.70|0.25|0.70|0.66;2026-03-28T09:29:41.051+01:00|W11|1.0|0.34|0.11|0.34|0.91;2026-03-28T09:29:41.051+01:00|W12|1.4|-0.24|0.16|-0.24|1.39"
6.00;3.73;2026-03-28T09:29:41.1192473+01:00;6.61;0.04;-0.83;16.8;12.821;7.639;0.998;-0.704;6.804;-9.565;96.258;-16.188;97.612;"2026-03-28T09:29:41.051+01:00|W1|1.8|1.84|0.01|1.84|0.04;2026-03-28T09:29:41.051+01:00|W2|1.3|1.12|0.17|1.12|0.40;2026-03-28T09:29:41.051+01:00|W3|1.4|1.25|0.41|1.25|0.33;2026-03-28T09:29:41.051+01:00|W4|1.3|0.89|0.04|0.89|0.94;2026-03-28T09:29:41.051+01:00|W5|1.1|0.95|0.03|0.95|0.38;2026-03-28T09:29:41.051+01:00|W6|1.3|1.09|0.21|1.09|0.64;2026-03-28T09:29:41.051+01:00|W7|1.8|1.63|0.23|1.63|0.17;2026-03-28T09:29:41.051+01:00|W8|1.5|0.45|0.25|0.45|1.40;2026-03-28T09:29:41.051+01:00|W9|0.9|0.24|0.15|0.24|0.75;2026-03-28T09:29:41.051+01:00|W10|1.2|0.70|0.25|0.70|0.66;2026-03-28T09:29:41.051+01:00|W11|1.0|0.34|0.11|0.34|0.91;2026-03-28T09:29:41.051+01:00|W12|1.4|-0.24|0.16|-0.24|1.39"
7.00;3.78;2026-03-28T09:29:41.1584275+01:00;7.64;0.06;-0.98;19.3;14.772;9.286;4.243;-3.989;7.689;-10.829;96.292;-17.177;97.817;"2026-03-28T09:29:41.051+01:00|W1|1.8|1.84|0.01|1.84|0.04;2026-03-28T09:29:41.051+01:00|W2|1.3|1.12|0.17|1.12|0.40;2026-03-28T09:29:41.051+01:00|W3|1.4|1.25|0.41|1.25|0.33;2026-03-28T09:29:41.051+01:00|W4|1.3|0.89|0.04|0.89|0.94;2026-03-28T09:29:41.051+01:00|W5|1.1|0.95|0.03|0.95|0.38;2026-03-28T09:29:41.051+01:00|W6|1.3|1.09|0.21|1.09|0.64;2026-03-28T09:29:41.051+01:00|W7|1.8|1.63|0.23|1.63|0.17;2026-03-28T09:29:41.051+01:00|W8|1.5|0.45|0.25|0.45|1.40;2026-03-28T09:29:41.051+01:00|W9|0.9|0.24|0.15|0.24|0.75;2026-03-28T09:29:41.051+01:00|W10|1.2|0.70|0.25|0.70|0.66;2026-03-28T09:29:41.051+01:00|W11|1.0|0.34|0.11|0.34|0.91;2026-03-28T09:29:41.051+01:00|W12|1.4|-0.24|0.16|-0.24|1.39"
8.00;3.79;2026-03-28T09:29:41.1955108+01:00;8.66;0.00;-1.19;20.4;15.707;10.844;7.080;-7.097;8.522;-12.025;95.626;-17.385;97.194;"2026-03-28T09:29:41.300+01:00|W1|2.0|1.99|0.17|1.99|0.11;2026-03-28T09:29:41.300+01:00|W2|1.3|1.11|0.18|1.11|0.37;2026-03-28T09:29:41.300+01:00|W3|1.6|1.45|0.18|1.45|0.48;2026-03-28T09:29:41.300+01:00|W4|1.4|0.94|0.02|0.94|0.99;2026-03-28T09:29:41.300+01:00|W5|1.1|0.97|0.04|0.97|0.42;2026-03-28T09:29:41.300+01:00|W6|1.3|1.04|0.21|1.04|0.73;2026-03-28T09:29:41.300+01:00|W7|1.7|1.65|0.11|1.65|0.20;2026-03-28T09:29:41.300+01:00|W8|1.4|0.44|0.20|0.44|1.37;2026-03-28T09:29:41.300+01:00|W9|0.9|0.30|0.13|0.30|0.70;2026-03-28T09:29:41.300+01:00|W10|1.0|0.60|0.34|0.60|0.60;2026-03-28T09:29:41.300+01:00|W11|0.9|0.32|0.12|0.32|0.87;2026-03-28T09:29:41.300+01:00|W12|1.3|-0.13|0.01|-0.13|1.27"
9.00;3.80;2026-03-28T09:29:41.2323315+01:00;9.68;-0.07;-1.42;20.9;16.007;12.042;9.735;-9.938;9.344;-13.145;94.832;-17.461;96.431;"2026-03-28T09:29:41.300+01:00|W1|2.0|1.99|0.17|1.99|0.11;2026-03-28T09:29:41.300+01:00|W2|1.3|1.11|0.18|1.11|0.37;2026-03-28T09:29:41.300+01:00|W3|1.6|1.45|0.18|1.45|0.48;2026-03-28T09:29:41.300+01:00|W4|1.4|0.94|0.02|0.94|0.99;2026-03-28T09:29:41.300+01:00|W5|1.1|0.97|0.04|0.97|0.42;2026-03-28T09:29:41.300+01:00|W6|1.3|1.04|0.21|1.04|0.73;2026-03-28T09:29:41.300+01:00|W7|1.7|1.65|0.11|1.65|0.20;2026-03-28T09:29:41.300+01:00|W8|1.4|0.44|0.20|0.44|1.37;2026-03-28T09:29:41.300+01:00|W9|0.9|0.30|0.13|0.30|0.70;2026-03-28T09:29:41.300+01:00|W10|1.0|0.60|0.34|0.60|0.60;2026-03-28T09:29:41.300+01:00|W11|0.9|0.32|0.12|0.32|0.87;2026-03-28T09:29:41.300+01:00|W12|1.3|-0.13|0.01|-0.13|1.27"
10.00;3.89;2026-03-28T09:29:41.2730410+01:00;10.72;0.00;-1.57;23.6;16.338;12.117;12.670;-12.202;10.253;-14.141;95.191;-18.877;97.044;"2026-03-28T09:29:41.300+01:00|W1|2.0|1.99|0.17|1.99|0.11;2026-03-28T09:29:41.300+01:00|W2|1.3|1.11|0.18|1.11|0.37;2026-03-28T09:29:41.300+01:00|W3|1.6|1.45|0.18|1.45|0.48;2026-03-28T09:29:41.300+01:00|W4|1.4|0.94|0.02|0.94|0.99;2026-03-28T09:29:41.300+01:00|W5|1.1|0.97|0.04|0.97|0.42;2026-03-28T09:29:41.300+01:00|W6|1.3|1.04|0.21|1.04|0.73;2026-03-28T09:29:41.300+01:00|W7|1.7|1.65|0.11|1.65|0.20;2026-03-28T09:29:41.300+01:00|W8|1.4|0.44|0.20|0.44|1.37;2026-03-28T09:29:41.300+01:00|W9|0.9|0.30|0.13|0.30|0.70;2026-03-28T09:29:41.300+01:00|W10|1.0|0.60|0.34|0.60|0.60;2026-03-28T09:29:41.300+01:00|W11|0.9|0.32|0.12|0.32|0.87;2026-03-28T09:29:41.300+01:00|W12|1.3|-0.13|0.01|-0.13|1.27"
11.00;3.95;2026-03-28T09:29:41.3118906+01:00;11.74;0.00;-1.78;25.3;16.082;11.584;16.857;-15.497;11.128;-14.910;95.138;-19.315;97.079;"2026-03-28T09:29:41.300+01:00|W1|2.0|1.99|0.17|1.99|0.11;2026-03-28T09:29:41.300+01:00|W2|1.3|1.11|0.18|1.11|0.37;2026-03-28T09:29:41.300+01:00|W3|1.6|1.45|0.18|1.45|0.48;2026-03-28T09:29:41.300+01:00|W4|1.4|0.94|0.02|0.94|0.99;2026-03-28T09:29:41.300+01:00|W5|1.1|0.97|0.04|0.97|0.42;2026-03-28T09:29:41.300+01:00|W6|1.3|1.04|0.21|1.04|0.73;2026-03-28T09:29:41.300+01:00|W7|1.7|1.65|0.11|1.65|0.20;2026-03-28T09:29:41.300+01:00|W8|1.4|0.44|0.20|0.44|1.37;2026-03-28T09:29:41.300+01:00|W9|0.9|0.30|0.13|0.30|0.70;2026-03-28T09:29:41.300+01:00|W10|1.0|0.60|0.34|0.60|0.60;2026-03-28T09:29:41.300+01:00|W11|0.9|0.32|0.12|0.32|0.87;2026-03-28T09:29:41.300+01:00|W12|1.3|-0.13|0.01|-0.13|1.27"
12.00;4.01;2026-03-28T09:29:41.3504393+01:00;12.76;0.00;-1.99;26.4;15.370;11.004;18.090;-16.532;11.838;-15.339;94.896;-20.046;96.990;"2026-03-28T09:29:41.300+01:00|W1|2.0|1.99|0.17|1.99|0.11;2026-03-28T09:29:41.300+01:00|W2|1.3|1.11|0.18|1.11|0.37;2026-03-28T09:29:41.300+01:00|W3|1.6|1.45|0.18|1.45|0.48;2026-03-28T09:29:41.300+01:00|W4|1.4|0.94|0.02|0.94|0.99;2026-03-28T09:29:41.300+01:00|W5|1.1|0.97|0.04|0.97|0.42;2026-03-28T09:29:41.300+01:00|W6|1.3|1.04|0.21|1.04|0.73;2026-03-28T09:29:41.300+01:00|W7|1.7|1.65|0.11|1.65|0.20;2026-03-28T09:29:41.300+01:00|W8|1.4|0.44|0.20|0.44|1.37;2026-03-28T09:29:41.300+01:00|W9|0.9|0.30|0.13|0.30|0.70;2026-03-28T09:29:41.300+01:00|W10|1.0|0.60|0.34|0.60|0.60;2026-03-28T09:29:41.300+01:00|W11|0.9|0.32|0.12|0.32|0.87;2026-03-28T09:29:41.300+01:00|W12|1.3|-0.13|0.01|-0.13|1.27"
13.00;4.07;2026-03-28T09:29:41.3889625+01:00;13.77;0.00;-2.21;27.3;14.339;10.218;18.975;-17.722;12.466;-15.494;94.728;-20.913;97.009;"2026-03-28T09:29:41.300+01:00|W1|2.0|1.99|0.17|1.99|0.11;2026-03-28T09:29:41.300+01:00|W2|1.3|1.11|0.18|1.11|0.37;2026-03-28T09:29:41.300+01:00|W3|1.6|1.45|0.18|1.45|0.48;2026-03-28T09:29:41.300+01:00|W4|1.4|0.94|0.02|0.94|0.99;2026-03-28T09:29:41.300+01:00|W5|1.1|0.97|0.04|0.97|0.42;2026-03-28T09:29:41.300+01:00|W6|1.3|1.04|0.21|1.04|0.73;2026-03-28T09:29:41.300+01:00|W7|1.7|1.65|0.11|1.65|0.20;2026-03-28T09:29:41.300+01:00|W8|1.4|0.44|0.20|0.44|1.37;2026-03-28T09:29:41.300+01:00|W9|0.9|0.30|0.13|0.30|0.70;2026-03-28T09:29:41.300+01:00|W10|1.0|0.60|0.34|0.60|0.60;2026-03-28T09:29:41.300+01:00|W11|0.9|0.32|0.12|0.32|0.87;2026-03-28T09:29:41.300+01:00|W12|1.3|-0.13|0.01|-0.13|1.27"
14.00;4.12;2026-03-28T09:29:41.4276135+01:00;14.79;0.00;-2.44;28.0;13.120;9.143;21.290;-20.644;13.079;-15.455;94.794;-21.788;97.266;"2026-03-28T09:29:41.300+01:00|W1|2.0|1.99|0.17|1.99|0.11;2026-03-28T09:29:41.300+01:00|W2|1.3|1.11|0.18|1.11|0.37;2026-03-28T09:29:41.300+01:00|W3|1.6|1.45|0.18|1.45|0.48;2026-03-28T09:29:41.300+01:00|W4|1.4|0.94|0.02|0.94|0.99;2026-03-28T09:29:41.300+01:00|W5|1.1|0.97|0.04|0.97|0.42;2026-03-28T09:29:41.300+01:00|W6|1.3|1.04|0.21|1.04|0.73;2026-03-28T09:29:41.300+01:00|W7|1.7|1.65|0.11|1.65|0.20;2026-03-28T09:29:41.300+01:00|W8|1.4|0.44|0.20|0.44|1.37;2026-03-28T09:29:41.300+01:00|W9|0.9|0.30|0.13|0.30|0.70;2026-03-28T09:29:41.300+01:00|W10|1.0|0.60|0.34|0.60|0.60;2026-03-28T09:29:41.300+01:00|W11|0.9|0.32|0.12|0.32|0.87;2026-03-28T09:29:41.300+01:00|W12|1.3|-0.13|0.01|-0.13|1.27"
15.00;4.19;2026-03-28T09:29:41.4661450+01:00;15.80;0.01;-2.67;28.7;11.906;8.072;23.598;-23.558;13.690;-15.416;94.861;-22.660;97.530;"2026-03-28T09:29:41.556+01:00|W1|2.0|2.02|0.22|2.02|0.22;2026-03-28T09:29:41.556+01:00|W2|1.3|1.13|0.17|1.13|0.25;2026-03-28T09:29:41.556+01:00|W3|1.6|1.48|0.16|1.48|0.49;2026-03-28T09:29:41.556+01:00|W4|1.4|0.96|0.04|0.96|0.99;2026-03-28T09:29:41.556+01:00|W5|1.1|0.96|0.04|0.96|0.44;2026-03-28T09:29:41.556+01:00|W6|1.5|1.16|0.36|1.16|0.90;2026-03-28T09:29:41.556+01:00|W7|1.7|1.60|0.02|1.60|0.41;2026-03-28T09:29:41.556+01:00|W8|1.4|0.43|0.16|0.43|1.33;2026-03-28T09:29:41.556+01:00|W9|1.0|0.47|0.05|0.47|0.81;2026-03-28T09:29:41.556+01:00|W10|0.9|0.51|0.40|0.51|0.62;2026-03-28T09:29:41.556+01:00|W11|1.0|0.35|0.01|0.35|0.98;2026-03-28T09:29:41.556+01:00|W12|1.3|0.04|0.02|0.04|1.29"
16.00;4.26;2026-03-28T09:29:41.5043571+01:00;16.81;0.01;-2.91;29.2;10.556;7.032;24.329;-24.093;14.140;-15.449;94.794;-23.320;97.620;"2026-03-28T09:29:41.556+01:00|W1|2.0|2.02|0.22|2.02|0.22;2026-03-28T09:29:41.556+01:00|W2|1.3|1.13|0.17|1.13|0.25;2026-03-28T09:29:41.556+01:00|W3|1.6|1.48|0.16|1.48|0.49;2026-03-28T09:29:41.556+01:00|W4|1.4|0.96|0.04|0.96|0.99;2026-03-28T09:29:41.556+01:00|W5|1.1|0.96|0.04|0.96|0.44;2026-03-28T09:29:41.556+01:00|W6|1.5|1.16|0.36|1.16|0.90;2026-03-28T09:29:41.556+01:00|W7|1.7|1.60|0.02|1.60|0.41;2026-03-28T09:29:41.556+01:00|W8|1.4|0.43|0.16|0.43|1.33;2026-03-28T09:29:41.556+01:00|W9|1.0|0.47|0.05|0.47|0.81;2026-03-28T09:29:41.556+01:00|W10|0.9|0.51|0.40|0.51|0.62;2026-03-28T09:29:41.556+01:00|W11|1.0|0.35|0.01|0.35|0.98;2026-03-28T09:29:41.556+01:00|W12|1.3|0.04|0.02|0.04|1.29"
17.00;4.31;2026-03-28T09:29:41.5421945+01:00;17.81;0.01;-3.17;29.6;9.464;6.132;25.175;-23.782;14.345;-15.505;94.772;-24.033;97.771;"2026-03-28T09:29:41.556+01:00|W1|2.0|2.02|0.22|2.02|0.22;2026-03-28T09:29:41.556+01:00|W2|1.3|1.13|0.17|1.13|0.25;2026-03-28T09:29:41.556+01:00|W3|1.6|1.48|0.16|1.48|0.49;2026-03-28T09:29:41.556+01:00|W4|1.4|0.96|0.04|0.96|0.99;2026-03-28T09:29:41.556+01:00|W5|1.1|0.96|0.04|0.96|0.44;2026-03-28T09:29:41.556+01:00|W6|1.5|1.16|0.36|1.16|0.90;2026-03-28T09:29:41.556+01:00|W7|1.7|1.60|0.02|1.60|0.41;2026-03-28T09:29:41.556+01:00|W8|1.4|0.43|0.16|0.43|1.33;2026-03-28T09:29:41.556+01:00|W9|1.0|0.47|0.05|0.47|0.81;2026-03-28T09:29:41.556+01:00|W10|0.9|0.51|0.40|0.51|0.62;2026-03-28T09:29:41.556+01:00|W11|1.0|0.35|0.01|0.35|0.98;2026-03-28T09:29:41.556+01:00|W12|1.3|0.04|0.02|0.04|1.29"
18.00;4.36;2026-03-28T09:29:41.5798551+01:00;18.80;0.01;-3.44;29.6;8.665;5.400;26.530;-23.422;14.336;-15.552;94.806;-24.848;98.008;"2026-03-28T09:29:41.556+01:00|W1|2.0|2.02|0.22|2.02|0.22;2026-03-28T09:29:41.556+01:00|W2|1.3|1.13|0.17|1.13|0.25;2026-03-28T09:29:41.556+01:00|W3|1.6|1.48|0.16|1.48|0.49;2026-03-28T09:29:41.556+01:00|W4|1.4|0.96|0.04|0.96|0.99;2026-03-28T09:29:41.556+01:00|W5|1.1|0.96|0.04|0.96|0.44;2026-03-28T09:29:41.556+01:00|W6|1.5|1.16|0.36|1.16|0.90;2026-03-28T09:29:41.556+01:00|W7|1.7|1.60|0.02|1.60|0.41;2026-03-28T09:29:41.556+01:00|W8|1.4|0.43|0.16|0.43|1.33;2026-03-28T09:29:41.556+01:00|W9|1.0|0.47|0.05|0.47|0.81;2026-03-28T09:29:41.556+01:00|W10|0.9|0.51|0.40|0.51|0.62;2026-03-28T09:29:41.556+01:00|W11|1.0|0.35|0.01|0.35|0.98;2026-03-28T09:29:41.556+01:00|W12|1.3|0.04|0.02|0.04|1.29"
19.00;4.43;2026-03-28T09:29:41.6181717+01:00;19.81;0.01;-3.71;29.6;7.851;4.833;27.909;-24.253;14.328;-15.520;94.724;-25.645;98.134;"2026-03-28T09:29:41.556+01:00|W1|2.0|2.02|0.22|2.02|0.22;2026-03-28T09:29:41.556+01:00|W2|1.3|1.13|0.17|1.13|0.25;2026-03-28T09:29:41.556+01:00|W3|1.6|1.48|0.16|1.48|0.49;2026-03-28T09:29:41.556+01:00|W4|1.4|0.96|0.04|0.96|0.99;2026-03-28T09:29:41.556+01:00|W5|1.1|0.96|0.04|0.96|0.44;2026-03-28T09:29:41.556+01:00|W6|1.5|1.16|0.36|1.16|0.90;2026-03-28T09:29:41.556+01:00|W7|1.7|1.60|0.02|1.60|0.41;2026-03-28T09:29:41.556+01:00|W8|1.4|0.43|0.16|0.43|1.33;2026-03-28T09:29:41.556+01:00|W9|1.0|0.47|0.05|0.47|0.81;2026-03-28T09:29:41.556+01:00|W10|0.9|0.51|0.40|0.51|0.62;2026-03-28T09:29:41.556+01:00|W11|1.0|0.35|0.01|0.35|0.98;2026-03-28T09:29:41.556+01:00|W12|1.3|0.04|0.02|0.04|1.29"
20.00;4.51;2026-03-28T09:29:41.6563882+01:00;20.81;0.01;-3.97;29.7;7.040;4.269;29.284;-25.082;14.320;-15.489;94.642;-26.439;98.266;"2026-03-28T09:29:41.556+01:00|W1|2.0|2.02|0.22|2.02|0.22;2026-03-28T09:29:41.556+01:00|W2|1.3|1.13|0.17|1.13|0.25;2026-03-28T09:29:41.556+01:00|W3|1.6|1.48|0.16|1.48|0.49;2026-03-28T09:29:41.556+01:00|W4|1.4|0.96|0.04|0.96|0.99;2026-03-28T09:29:41.556+01:00|W5|1.1|0.96|0.04|0.96|0.44;2026-03-28T09:29:41.556+01:00|W6|1.5|1.16|0.36|1.16|0.90;2026-03-28T09:29:41.556+01:00|W7|1.7|1.60|0.02|1.60|0.41;2026-03-28T09:29:41.556+01:00|W8|1.4|0.43|0.16|0.43|1.33;2026-03-28T09:29:41.556+01:00|W9|1.0|0.47|0.05|0.47|0.81;2026-03-28T09:29:41.556+01:00|W10|0.9|0.51|0.40|0.51|0.62;2026-03-28T09:29:41.556+01:00|W11|1.0|0.35|0.01|0.35|0.98;2026-03-28T09:29:41.556+01:00|W12|1.3|0.04|0.02|0.04|1.29"
21.00;4.58;2026-03-28T09:29:41.6943077+01:00;21.80;0.01;-4.24;29.7;6.260;3.851;30.125;-24.805;14.297;-15.512;94.596;-27.321;98.463;"2026-03-28T09:29:41.803+01:00|W1|2.1|2.03|0.26|2.03|0.31;2026-03-28T09:29:41.803+01:00|W2|1.3|1.18|0.14|1.18|0.23;2026-03-28T09:29:41.803+01:00|W3|1.7|1.51|0.14|1.51|0.48;2026-03-28T09:29:41.803+01:00|W4|1.4|0.96|0.04|0.96|0.98;2026-03-28T09:29:41.803+01:00|W5|1.1|0.95|0.03|0.95|0.51;2026-03-28T09:29:41.803+01:00|W6|1.4|1.12|0.27|1.12|0.85;2026-03-28T09:29:41.803+01:00|W7|1.7|1.57|0.01|1.57|0.59;2026-03-28T09:29:41.803+01:00|W8|1.4|0.45|0.13|0.45|1.32;2026-03-28T09:29:41.803+01:00|W9|1.1|0.46|0.11|0.46|0.85;2026-03-28T09:29:41.803+01:00|W10|0.8|0.43|0.48|0.43|0.63;2026-03-28T09:29:41.803+01:00|W11|1.1|0.43|0.10|0.43|1.05;2026-03-28T09:29:41.803+01:00|W12|1.3|-0.13|0.01|-0.13|1.28"
22.00;4.65;2026-03-28T09:29:41.7319474+01:00;22.79;0.01;-4.53;29.7;5.604;3.642;30.567;-23.799;14.214;-15.531;94.575;-28.237;98.701;"2026-03-28T09:29:41.803+01:00|W1|2.1|2.03|0.26|2.03|0.31;2026-03-28T09:29:41.803+01:00|W2|1.3|1.18|0.14|1.18|0.23;2026-03-28T09:29:41.803+01:00|W3|1.7|1.51|0.14|1.51|0.48;2026-03-28T09:29:41.803+01:00|W4|1.4|0.96|0.04|0.96|0.98;2026-03-28T09:29:41.803+01:00|W5|1.1|0.95|0.03|0.95|0.51;2026-03-28T09:29:41.803+01:00|W6|1.4|1.12|0.27|1.12|0.85;2026-03-28T09:29:41.803+01:00|W7|1.7|1.57|0.01|1.57|0.59;2026-03-28T09:29:41.803+01:00|W8|1.4|0.45|0.13|0.45|1.32;2026-03-28T09:29:41.803+01:00|W9|1.1|0.46|0.11|0.46|0.85;2026-03-28T09:29:41.803+01:00|W10|0.8|0.43|0.48|0.43|0.63;2026-03-28T09:29:41.803+01:00|W11|1.1|0.43|0.10|0.43|1.05;2026-03-28T09:29:41.803+01:00|W12|1.3|-0.13|0.01|-0.13|1.28"
23.00;4.70;2026-03-28T09:29:41.7694152+01:00;23.77;0.01;-4.83;29.3;5.301;3.747;31.148;-23.423;13.961;-15.379;94.538;-29.017;98.892;"2026-03-28T09:29:41.803+01:00|W1|2.1|2.03|0.26|2.03|0.31;2026-03-28T09:29:41.803+01:00|W2|1.3|1.18|0.14|1.18|0.23;2026-03-28T09:29:41.803+01:00|W3|1.7|1.51|0.14|1.51|0.48;2026-03-28T09:29:41.803+01:00|W4|1.4|0.96|0.04|0.96|0.98;2026-03-28T09:29:41.803+01:00|W5|1.1|0.95|0.03|0.95|0.51;2026-03-28T09:29:41.803+01:00|W6|1.4|1.12|0.27|1.12|0.85;2026-03-28T09:29:41.803+01:00|W7|1.7|1.57|0.01|1.57|0.59;2026-03-28T09:29:41.803+01:00|W8|1.4|0.45|0.13|0.45|1.32;2026-03-28T09:29:41.803+01:00|W9|1.1|0.46|0.11|0.46|0.85;2026-03-28T09:29:41.803+01:00|W10|0.8|0.43|0.48|0.43|0.63;2026-03-28T09:29:41.803+01:00|W11|1.1|0.43|0.10|0.43|1.05;2026-03-28T09:29:41.803+01:00|W12|1.3|-0.13|0.01|-0.13|1.28"
24.00;4.77;2026-03-28T09:29:41.8069298+01:00;24.76;0.01;-5.13;28.9;4.997;3.852;31.729;-23.046;13.708;-15.226;94.502;-29.799;99.088;"2026-03-28T09:29:41.803+01:00|W1|2.1|2.03|0.26|2.03|0.31;2026-03-28T09:29:41.803+01:00|W2|1.3|1.18|0.14|1.18|0.23;2026-03-28T09:29:41.803+01:00|W3|1.7|1.51|0.14|1.51|0.48;2026-03-28T09:29:41.803+01:00|W4|1.4|0.96|0.04|0.96|0.98;2026-03-28T09:29:41.803+01:00|W5|1.1|0.95|0.03|0.95|0.51;2026-03-28T09:29:41.803+01:00|W6|1.4|1.12|0.27|1.12|0.85;2026-03-28T09:29:41.803+01:00|W7|1.7|1.57|0.01|1.57|0.59;2026-03-28T09:29:41.803+01:00|W8|1.4|0.45|0.13|0.45|1.32;2026-03-28T09:29:41.803+01:00|W9|1.1|0.46|0.11|0.46|0.85;2026-03-28T09:29:41.803+01:00|W10|0.8|0.43|0.48|0.43|0.63;2026-03-28T09:29:41.803+01:00|W11|1.1|0.43|0.10|0.43|1.05;2026-03-28T09:29:41.803+01:00|W12|1.3|-0.13|0.01|-0.13|1.28"
25.00;4.83;2026-03-28T09:29:41.8442694+01:00;25.74;0.01;-5.44;28.3;4.974;4.065;32.214;-22.786;13.304;-15.058;94.491;-30.461;99.280;"2026-03-28T09:29:41.803+01:00|W1|2.1|2.03|0.26|2.03|0.31;2026-03-28T09:29:41.803+01:00|W2|1.3|1.18|0.14|1.18|0.23;2026-03-28T09:29:41.803+01:00|W3|1.7|1.51|0.14|1.51|0.48;2026-03-28T09:29:41.803+01:00|W4|1.4|0.96|0.04|0.96|0.98;2026-03-28T09:29:41.803+01:00|W5|1.1|0.95|0.03|0.95|0.51;2026-03-28T09:29:41.803+01:00|W6|1.4|1.12|0.27|1.12|0.85;2026-03-28T09:29:41.803+01:00|W7|1.7|1.57|0.01|1.57|0.59;2026-03-28T09:29:41.803+01:00|W8|1.4|0.45|0.13|0.45|1.32;2026-03-28T09:29:41.803+01:00|W9|1.1|0.46|0.11|0.46|0.85;2026-03-28T09:29:41.803+01:00|W10|0.8|0.43|0.48|0.43|0.63;2026-03-28T09:29:41.803+01:00|W11|1.1|0.43|0.10|0.43|1.05;2026-03-28T09:29:41.803+01:00|W12|1.3|-0.13|0.01|-0.13|1.28"
26.00;4.89;2026-03-28T09:29:41.8814673+01:00;26.72;0.01;-5.76;27.5;5.242;4.374;32.273;-22.725;12.708;-14.901;94.482;-31.085;99.464;"2026-03-28T09:29:41.803+01:00|W1|2.1|2.03|0.26|2.03|0.31;2026-03-28T09:29:41.803+01:00|W2|1.3|1.18|0.14|1.18|0.23;2026-03-28T09:29:41.803+01:00|W3|1.7|1.51|0.14|1.51|0.48;2026-03-28T09:29:41.803+01:00|W4|1.4|0.96|0.04|0.96|0.98;2026-03-28T09:29:41.803+01:00|W5|1.1|0.95|0.03|0.95|0.51;2026-03-28T09:29:41.803+01:00|W6|1.4|1.12|0.27|1.12|0.85;2026-03-28T09:29:41.803+01:00|W7|1.7|1.57|0.01|1.57|0.59;2026-03-28T09:29:41.803+01:00|W8|1.4|0.45|0.13|0.45|1.32;2026-03-28T09:29:41.803+01:00|W9|1.1|0.46|0.11|0.46|0.85;2026-03-28T09:29:41.803+01:00|W10|0.8|0.43|0.48|0.43|0.63;2026-03-28T09:29:41.803+01:00|W11|1.1|0.43|0.10|0.43|1.05;2026-03-28T09:29:41.803+01:00|W12|1.3|-0.13|0.01|-0.13|1.28"
27.00;4.94;2026-03-28T09:29:41.9186783+01:00;27.69;0.01;-6.09;26.6;5.762;4.721;31.031;-23.062;11.851;-14.828;94.398;-31.921;99.649;"2026-03-28T09:29:41.803+01:00|W1|2.1|2.03|0.26|2.03|0.31;2026-03-28T09:29:41.803+01:00|W2|1.3|1.18|0.14|1.18|0.23;2026-03-28T09:29:41.803+01:00|W3|1.7|1.51|0.14|1.51|0.48;2026-03-28T09:29:41.803+01:00|W4|1.4|0.96|0.04|0.96|0.98;2026-03-28T09:29:41.803+01:00|W5|1.1|0.95|0.03|0.95|0.51;2026-03-28T09:29:41.803+01:00|W6|1.4|1.12|0.27|1.12|0.85;2026-03-28T09:29:41.803+01:00|W7|1.7|1.57|0.01|1.57|0.59;2026-03-28T09:29:41.803+01:00|W8|1.4|0.45|0.13|0.45|1.32;2026-03-28T09:29:41.803+01:00|W9|1.1|0.46|0.11|0.46|0.85;2026-03-28T09:29:41.803+01:00|W10|0.8|0.43|0.48|0.43|0.63;2026-03-28T09:29:41.803+01:00|W11|1.1|0.43|0.10|0.43|1.05;2026-03-28T09:29:41.803+01:00|W12|1.3|-0.13|0.01|-0.13|1.28"
28.00;4.99;2026-03-28T09:29:41.9555794+01:00;28.66;0.01;-6.43;26.5;6.395;5.066;30.414;-23.559;10.867;-14.932;94.159;-32.338;99.558;"2026-03-28T09:29:42.050+01:00|W1|2.0|1.97|0.22|1.97|0.44;2026-03-28T09:29:42.050+01:00|W2|1.3|1.18|0.14|1.18|0.23;2026-03-28T09:29:42.050+01:00|W3|1.7|1.51|0.14|1.51|0.48;2026-03-28T09:29:42.050+01:00|W4|1.4|0.96|0.04|0.96|0.98;2026-03-28T09:29:42.050+01:00|W5|1.1|0.95|0.03|0.95|0.51;2026-03-28T09:29:42.050+01:00|W6|1.4|1.12|0.27|1.12|0.85;2026-03-28T09:29:42.050+01:00|W7|1.7|1.57|0.01|1.57|0.59;2026-03-28T09:29:42.050+01:00|W8|1.4|0.45|0.13|0.45|1.32;2026-03-28T09:29:42.050+01:00|W9|1.1|0.46|0.11|0.46|0.85;2026-03-28T09:29:42.050+01:00|W10|0.8|0.49|0.47|0.49|0.59;2026-03-28T09:29:42.050+01:00|W11|1.1|0.40|0.11|0.40|1.07;2026-03-28T09:29:42.050+01:00|W12|1.3|-0.13|0.01|-0.13|1.28"
29.00;5.04;2026-03-28T09:29:41.5609006+01:00;29.62;0.01;-6.77;26.0;7.046;5.244;29.893;-23.896;9.862;-15.167;93.946;-32.784;99.503;"2026-03-28T09:29:41.556+01:00|W1|2.0|2.02|0.22|2.02|0.22;2026-03-28T09:29:41.556+01:00|W2|1.3|1.13|0.17|1.13|0.25;2026-03-28T09:29:41.556+01:00|W3|1.6|1.48|0.16|1.48|0.49;2026-03-28T09:29:41.556+01:00|W4|1.4|0.96|0.04|0.96|0.99;2026-03-28T09:29:41.556+01:00|W5|1.1|0.96|0.04|0.96|0.44;2026-03-28T09:29:41.556+01:00|W6|1.5|1.16|0.36|1.16|0.90;2026-03-28T09:29:41.556+01:00|W7|1.7|1.60|0.02|1.60|0.41;2026-03-28T09:29:41.556+01:00|W8|1.4|0.43|0.16|0.43|1.33;2026-03-28T09:29:41.556+01:00|W9|1.0|0.47|0.05|0.47|0.81;2026-03-28T09:29:41.556+01:00|W10|0.9|0.51|0.40|0.51|0.62;2026-03-28T09:29:41.556+01:00|W11|1.0|0.35|0.01|0.35|0.98;2026-03-28T09:29:41.556+01:00|W12|1.3|0.04|0.02|0.04|1.29"
30.00;5.09;2026-03-28T09:29:41.0213596+01:00;30.58;-0.00;-7.10;24.8;7.698;5.261;29.370;-24.054;8.855;-15.502;93.780;-33.320;99.525;"2026-03-28T09:29:41.051+01:00|W1|1.8|1.84|0.01|1.84|0.04;2026-03-28T09:29:41.051+01:00|W2|1.3|1.12|0.17|1.12|0.40;2026-03-28T09:29:41.051+01:00|W3|1.4|1.25|0.41|1.25|0.33;2026-03-28T09:29:41.051+01:00|W4|1.3|0.89|0.04|0.89|0.94;2026-03-28T09:29:41.051+01:00|W5|1.1|0.95|0.03|0.95|0.38;2026-03-28T09:29:41.051+01:00|W6|1.3|1.09|0.21|1.09|0.64;2026-03-28T09:29:41.051+01:00|W7|1.8|1.63|0.23|1.63|0.17;2026-03-28T09:29:41.051+01:00|W8|1.5|0.45|0.25|0.45|1.40;2026-03-28T09:29:41.051+01:00|W9|0.9|0.24|0.15|0.24|0.75;2026-03-28T09:29:41.051+01:00|W10|1.2|0.70|0.25|0.70|0.66;2026-03-28T09:29:41.051+01:00|W11|1.0|0.34|0.11|0.34|0.91;2026-03-28T09:29:41.051+01:00|W12|1.4|-0.24|0.16|-0.24|1.39"
31.00;5.15;2026-03-28T09:29:41.9048705+01:00;31.55;-0.01;-7.44;23.6;8.351;5.279;28.846;-24.212;7.848;-15.838;93.615;-33.857;99.550;"2026-03-28T09:29:41.803+01:00|W1|2.1|2.03|0.26|2.03|0.31;2026-03-28T09:29:41.803+01:00|W2|1.3|1.18|0.14|1.18|0.23;2026-03-28T09:29:41.803+01:00|W3|1.7|1.51|0.14|1.51|0.48;2026-03-28T09:29:41.803+01:00|W4|1.4|0.96|0.04|0.96|0.98;2026-03-28T09:29:41.803+01:00|W5|1.1|0.95|0.03|0.95|0.51;2026-03-28T09:29:41.803+01:00|W6|1.4|1.12|0.27|1.12|0.85;2026-03-28T09:29:41.803+01:00|W7|1.7|1.57|0.01|1.57|0.59;2026-03-28T09:29:41.803+01:00|W8|1.4|0.45|0.13|0.45|1.32;2026-03-28T09:29:41.803+01:00|W9|1.1|0.46|0.11|0.46|0.85;2026-03-28T09:29:41.803+01:00|W10|0.8|0.43|0.48|0.43|0.63;2026-03-28T09:29:41.803+01:00|W11|1.1|0.43|0.10|0.43|1.05;2026-03-28T09:29:41.803+01:00|W12|1.3|-0.13|0.01|-0.13|1.28"
32.00;5.20;2026-03-28T09:29:42.1034243+01:00;32.51;-0.01;-7.79;23.2;8.597;5.078;29.045;-25.506;7.082;-16.235;93.473;-34.414;99.608;"2026-03-28T09:29:42.050+01:00|W1|2.0|1.97|0.22|1.97|0.44;2026-03-28T09:29:42.050+01:00|W2|1.3|1.18|0.14|1.18|0.23;2026-03-28T09:29:42.050+01:00|W3|1.7|1.51|0.14|1.51|0.48;2026-03-28T09:29:42.050+01:00|W4|1.4|0.96|0.04|0.96|0.98;2026-03-28T09:29:42.050+01:00|W5|1.1|0.95|0.03|0.95|0.51;2026-03-28T09:29:42.050+01:00|W6|1.4|1.12|0.27|1.12|0.85;2026-03-28T09:29:42.050+01:00|W7|1.7|1.57|0.01|1.57|0.59;2026-03-28T09:29:42.050+01:00|W8|1.4|0.45|0.13|0.45|1.32;2026-03-28T09:29:42.050+01:00|W9|1.1|0.46|0.11|0.46|0.85;2026-03-28T09:29:42.050+01:00|W10|0.8|0.49|0.47|0.49|0.59;2026-03-28T09:29:42.050+01:00|W11|1.1|0.40|0.11|0.40|1.07;2026-03-28T09:29:42.050+01:00|W12|1.3|-0.13|0.01|-0.13|1.28"
33.00;5.25;2026-03-28T09:29:42.1402135+01:00;33.46;-0.02;-8.14;23.1;8.517;4.745;29.517;-26.478;6.602;-16.675;93.344;-34.987;99.686;"2026-03-28T09:29:42.050+01:00|W1|2.0|1.97|0.22|1.97|0.44;2026-03-28T09:29:42.050+01:00|W2|1.3|1.18|0.14|1.18|0.23;2026-03-28T09:29:42.050+01:00|W3|1.7|1.51|0.14|1.51|0.48;2026-03-28T09:29:42.050+01:00|W4|1.4|0.96|0.04|0.96|0.98;2026-03-28T09:29:42.050+01:00|W5|1.1|0.95|0.03|0.95|0.51;2026-03-28T09:29:42.050+01:00|W6|1.4|1.12|0.27|1.12|0.85;2026-03-28T09:29:42.050+01:00|W7|1.7|1.57|0.01|1.57|0.59;2026-03-28T09:29:42.050+01:00|W8|1.4|0.45|0.13|0.45|1.32;2026-03-28T09:29:42.050+01:00|W9|1.1|0.46|0.11|0.46|0.85;2026-03-28T09:29:42.050+01:00|W10|0.8|0.49|0.47|0.49|0.59;2026-03-28T09:29:42.050+01:00|W11|1.1|0.40|0.11|0.40|1.07;2026-03-28T09:29:42.050+01:00|W12|1.3|-0.13|0.01|-0.13|1.28"
34.00;5.29;2026-03-28T09:29:42.1769513+01:00;34.41;-0.02;-8.51;23.4;8.157;4.314;30.115;-26.736;6.400;-17.147;93.222;-35.573;99.780;"2026-03-28T09:29:42.302+01:00|W1|2.0|1.86|0.18|1.86|0.65;2026-03-28T09:29:42.302+01:00|W2|1.3|1.25|0.07|1.25|0.22;2026-03-28T09:29:42.302+01:00|W3|1.7|1.60|0.10|1.60|0.40;2026-03-28T09:29:42.302+01:00|W4|1.3|0.93|0.02|0.93|0.92;2026-03-28T09:29:42.302+01:00|W5|1.1|0.91|0.03|0.91|0.60;2026-03-28T09:29:42.302+01:00|W6|1.4|1.13|0.25|1.13|0.85;2026-03-28T09:29:42.302+01:00|W7|1.7|1.51|0.02|1.51|0.73;2026-03-28T09:29:42.302+01:00|W8|1.4|0.45|0.11|0.45|1.30;2026-03-28T09:29:42.302+01:00|W9|1.1|0.39|0.09|0.39|0.82;2026-03-28T09:29:42.302+01:00|W10|0.9|0.63|0.40|0.63|0.52;2026-03-28T09:29:42.302+01:00|W11|1.2|0.51|0.14|0.51|1.00;2026-03-28T09:29:42.302+01:00|W12|1.3|-0.35|0.01|-0.35|1.24"
35.00;5.33;2026-03-28T09:29:42.2136401+01:00;35.37;-0.03;-8.87;23.7;7.798;3.885;30.713;-26.993;6.199;-17.618;93.100;-36.159;99.876;"2026-03-28T09:29:42.302+01:00|W1|2.0|1.86|0.18|1.86|0.65;2026-03-28T09:29:42.302+01:00|W2|1.3|1.25|0.07|1.25|0.22;2026-03-28T09:29:42.302+01:00|W3|1.7|1.60|0.10|1.60|0.40;2026-03-28T09:29:42.302+01:00|W4|1.3|0.93|0.02|0.93|0.92;2026-03-28T09:29:42.302+01:00|W5|1.1|0.91|0.03|0.91|0.60;2026-03-28T09:29:42.302+01:00|W6|1.4|1.13|0.25|1.13|0.85;2026-03-28T09:29:42.302+01:00|W7|1.7|1.51|0.02|1.51|0.73;2026-03-28T09:29:42.302+01:00|W8|1.4|0.45|0.11|0.45|1.30;2026-03-28T09:29:42.302+01:00|W9|1.1|0.39|0.09|0.39|0.82;2026-03-28T09:29:42.302+01:00|W10|0.9|0.63|0.40|0.63|0.52;2026-03-28T09:29:42.302+01:00|W11|1.2|0.51|0.14|0.51|1.00;2026-03-28T09:29:42.302+01:00|W12|1.3|-0.35|0.01|-0.35|1.24"
36.00;5.36;2026-03-28T09:29:42.2499995+01:00;36.31;-0.03;-9.25;24.0;7.221;3.329;31.732;-27.364;6.257;-17.936;93.107;-36.913;100.158;"2026-03-28T09:29:42.302+01:00|W1|2.0|1.86|0.18|1.86|0.65;2026-03-28T09:29:42.302+01:00|W2|1.3|1.25|0.07|1.25|0.22;2026-03-28T09:29:42.302+01:00|W3|1.7|1.60|0.10|1.60|0.40;2026-03-28T09:29:42.302+01:00|W4|1.3|0.93|0.02|0.93|0.92;2026-03-28T09:29:42.302+01:00|W5|1.1|0.91|0.03|0.91|0.60;2026-03-28T09:29:42.302+01:00|W6|1.4|1.13|0.25|1.13|0.85;2026-03-28T09:29:42.302+01:00|W7|1.7|1.51|0.02|1.51|0.73;2026-03-28T09:29:42.302+01:00|W8|1.4|0.45|0.11|0.45|1.30;2026-03-28T09:29:42.302+01:00|W9|1.1|0.39|0.09|0.39|0.82;2026-03-28T09:29:42.302+01:00|W10|0.9|0.63|0.40|0.63|0.52;2026-03-28T09:29:42.302+01:00|W11|1.2|0.51|0.14|0.51|1.00;2026-03-28T09:29:42.302+01:00|W12|1.3|-0.35|0.01|-0.35|1.24"
37.00;5.38;2026-03-28T09:29:42.2861077+01:00;37.24;-0.04;-9.63;24.2;6.565;2.750;32.905;-27.385;6.411;-18.108;93.134;-37.664;100.462;"2026-03-28T09:29:42.302+01:00|W1|2.0|1.86|0.18|1.86|0.65;2026-03-28T09:29:42.302+01:00|W2|1.3|1.25|0.07|1.25|0.22;2026-03-28T09:29:42.302+01:00|W3|1.7|1.60|0.10|1.60|0.40;2026-03-28T09:29:42.302+01:00|W4|1.3|0.93|0.02|0.93|0.92;2026-03-28T09:29:42.302+01:00|W5|1.1|0.91|0.03|0.91|0.60;2026-03-28T09:29:42.302+01:00|W6|1.4|1.13|0.25|1.13|0.85;2026-03-28T09:29:42.302+01:00|W7|1.7|1.51|0.02|1.51|0.73;2026-03-28T09:29:42.302+01:00|W8|1.4|0.45|0.11|0.45|1.30;2026-03-28T09:29:42.302+01:00|W9|1.1|0.39|0.09|0.39|0.82;2026-03-28T09:29:42.302+01:00|W10|0.9|0.63|0.40|0.63|0.52;2026-03-28T09:29:42.302+01:00|W11|1.2|0.51|0.14|0.51|1.00;2026-03-28T09:29:42.302+01:00|W12|1.3|-0.35|0.01|-0.35|1.24"
38.00;5.40;2026-03-28T09:29:42.3219762+01:00;38.18;-0.04;-10.02;24.2;5.913;2.214;34.070;-26.670;6.564;-18.112;93.111;-38.292;100.678;"2026-03-28T09:29:42.302+01:00|W1|2.0|1.86|0.18|1.86|0.65;2026-03-28T09:29:42.302+01:00|W2|1.3|1.25|0.07|1.25|0.22;2026-03-28T09:29:42.302+01:00|W3|1.7|1.60|0.10|1.60|0.40;2026-03-28T09:29:42.302+01:00|W4|1.3|0.93|0.02|0.93|0.92;2026-03-28T09:29:42.302+01:00|W5|1.1|0.91|0.03|0.91|0.60;2026-03-28T09:29:42.302+01:00|W6|1.4|1.13|0.25|1.13|0.85;2026-03-28T09:29:42.302+01:00|W7|1.7|1.51|0.02|1.51|0.73;2026-03-28T09:29:42.302+01:00|W8|1.4|0.45|0.11|0.45|1.30;2026-03-28T09:29:42.302+01:00|W9|1.1|0.39|0.09|0.39|0.82;2026-03-28T09:29:42.302+01:00|W10|0.9|0.63|0.40|0.63|0.52;2026-03-28T09:29:42.302+01:00|W11|1.2|0.51|0.14|0.51|1.00;2026-03-28T09:29:42.302+01:00|W12|1.3|-0.35|0.01|-0.35|1.24"
39.00;5.41;2026-03-28T09:29:42.3579068+01:00;39.11;-0.05;-10.42;24.0;5.260;1.686;35.237;-27.048;6.717;-17.955;92.989;-38.822;100.768;"2026-03-28T09:29:42.302+01:00|W1|2.0|1.86|0.18|1.86|0.65;2026-03-28T09:29:42.302+01:00|W2|1.3|1.25|0.07|1.25|0.22;2026-03-28T09:29:42.302+01:00|W3|1.7|1.60|0.10|1.60|0.40;2026-03-28T09:29:42.302+01:00|W4|1.3|0.93|0.02|0.93|0.92;2026-03-28T09:29:42.302+01:00|W5|1.1|0.91|0.03|0.91|0.60;2026-03-28T09:29:42.302+01:00|W6|1.4|1.13|0.25|1.13|0.85;2026-03-28T09:29:42.302+01:00|W7|1.7|1.51|0.02|1.51|0.73;2026-03-28T09:29:42.302+01:00|W8|1.4|0.45|0.11|0.45|1.30;2026-03-28T09:29:42.302+01:00|W9|1.1|0.39|0.09|0.39|0.82;2026-03-28T09:29:42.302+01:00|W10|0.9|0.63|0.40|0.63|0.52;2026-03-28T09:29:42.302+01:00|W11|1.2|0.51|0.14|0.51|1.00;2026-03-28T09:29:42.302+01:00|W12|1.3|-0.35|0.01|-0.35|1.24"
40.00;5.42;2026-03-28T09:29:42.3932370+01:00;40.02;-0.05;-10.81;23.9;4.618;1.260;36.384;-26.860;6.867;-17.787;92.935;-39.438;100.957;"2026-03-28T09:29:42.302+01:00|W1|2.0|1.86|0.18|1.86|0.65;2026-03-28T09:29:42.302+01:00|W2|1.3|1.25|0.07|1.25|0.22;2026-03-28T09:29:42.302+01:00|W3|1.7|1.60|0.10|1.60|0.40;2026-03-28T09:29:42.302+01:00|W4|1.3|0.93|0.02|0.93|0.92;2026-03-28T09:29:42.302+01:00|W5|1.1|0.91|0.03|0.91|0.60;2026-03-28T09:29:42.302+01:00|W6|1.4|1.13|0.25|1.13|0.85;2026-03-28T09:29:42.302+01:00|W7|1.7|1.51|0.02|1.51|0.73;2026-03-28T09:29:42.302+01:00|W8|1.4|0.45|0.11|0.45|1.30;2026-03-28T09:29:42.302+01:00|W9|1.1|0.39|0.09|0.39|0.82;2026-03-28T09:29:42.302+01:00|W10|0.9|0.63|0.40|0.63|0.52;2026-03-28T09:29:42.302+01:00|W11|1.2|0.51|0.14|0.51|1.00;2026-03-28T09:29:42.302+01:00|W12|1.3|-0.35|0.01|-0.35|1.24"
41.00;5.42;2026-03-28T09:29:42.4280288+01:00;40.93;-0.06;-11.21;23.7;3.986;0.912;37.514;-26.192;7.016;-17.617;92.938;-40.122;101.228;"2026-03-28T09:29:42.302+01:00|W1|2.0|1.86|0.18|1.86|0.65;2026-03-28T09:29:42.302+01:00|W2|1.3|1.25|0.07|1.25|0.22;2026-03-28T09:29:42.302+01:00|W3|1.7|1.60|0.10|1.60|0.40;2026-03-28T09:29:42.302+01:00|W4|1.3|0.93|0.02|0.93|0.92;2026-03-28T09:29:42.302+01:00|W5|1.1|0.91|0.03|0.91|0.60;2026-03-28T09:29:42.302+01:00|W6|1.4|1.13|0.25|1.13|0.85;2026-03-28T09:29:42.302+01:00|W7|1.7|1.51|0.02|1.51|0.73;2026-03-28T09:29:42.302+01:00|W8|1.4|0.45|0.11|0.45|1.30;2026-03-28T09:29:42.302+01:00|W9|1.1|0.39|0.09|0.39|0.82;2026-03-28T09:29:42.302+01:00|W10|0.9|0.63|0.40|0.63|0.52;2026-03-28T09:29:42.302+01:00|W11|1.2|0.51|0.14|0.51|1.00;2026-03-28T09:29:42.302+01:00|W12|1.3|-0.35|0.01|-0.35|1.24"
42.00;5.42;2026-03-28T09:29:42.4623516+01:00;41.82;-0.06;-11.61;23.5;3.363;0.569;38.629;-25.532;7.162;-17.449;92.940;-40.797;101.500;"2026-03-28T09:29:42.554+01:00|W1|1.9|1.78|0.14|1.78|0.73;2026-03-28T09:29:42.554+01:00|W2|1.5|1.39|0.08|1.39|0.32;2026-03-28T09:29:42.554+01:00|W3|1.7|1.63|0.04|1.63|0.44;2026-03-28T09:29:42.554+01:00|W4|1.3|0.91|0.04|0.91|0.92;2026-03-28T09:29:42.554+01:00|W5|1.1|0.89|0.04|0.89|0.60;2026-03-28T09:29:42.554+01:00|W6|1.5|1.13|0.24|1.13|0.92;2026-03-28T09:29:42.554+01:00|W7|1.7|1.43|0.06|1.43|0.89;2026-03-28T09:29:42.554+01:00|W8|1.3|0.42|0.06|0.42|1.28;2026-03-28T09:29:42.554+01:00|W9|0.9|0.40|0.08|0.40|0.65;2026-03-28T09:29:42.554+01:00|W10|0.9|0.60|0.35|0.60|0.63;2026-03-28T09:29:42.554+01:00|W11|1.1|0.58|0.03|0.58|0.81;2026-03-28T09:29:42.554+01:00|W12|1.5|-0.30|0.17|-0.30|1.45"
43.00;5.45;2026-03-28T09:29:42.4980052+01:00;42.72;-0.06;-11.97;24.0;2.715;0.283;39.787;-24.528;7.314;-17.257;92.833;-41.370;101.634;"2026-03-28T09:29:42.554+01:00|W1|1.9|1.78|0.14|1.78|0.73;2026-03-28T09:29:42.554+01:00|W2|1.5|1.39|0.08|1.39|0.32;2026-03-28T09:29:42.554+01:00|W3|1.7|1.63|0.04|1.63|0.44;2026-03-28T09:29:42.554+01:00|W4|1.3|0.91|0.04|0.91|0.92;2026-03-28T09:29:42.554+01:00|W5|1.1|0.89|0.04|0.89|0.60;2026-03-28T09:29:42.554+01:00|W6|1.5|1.13|0.24|1.13|0.92;2026-03-28T09:29:42.554+01:00|W7|1.7|1.43|0.06|1.43|0.89;2026-03-28T09:29:42.554+01:00|W8|1.3|0.42|0.06|0.42|1.28;2026-03-28T09:29:42.554+01:00|W9|0.9|0.40|0.08|0.40|0.65;2026-03-28T09:29:42.554+01:00|W10|0.9|0.60|0.35|0.60|0.63;2026-03-28T09:29:42.554+01:00|W11|1.1|0.58|0.03|0.58|0.81;2026-03-28T09:29:42.554+01:00|W12|1.5|-0.30|0.17|-0.30|1.45"
44.00;5.48;2026-03-28T09:29:42.5336808+01:00;43.62;-0.07;-12.34;24.5;2.155;0.015;40.597;-23.313;7.364;-17.040;92.654;-41.836;101.663;"2026-03-28T09:29:42.554+01:00|W1|1.9|1.78|0.14|1.78|0.73;2026-03-28T09:29:42.554+01:00|W2|1.5|1.39|0.08|1.39|0.32;2026-03-28T09:29:42.554+01:00|W3|1.7|1.63|0.04|1.63|0.44;2026-03-28T09:29:42.554+01:00|W4|1.3|0.91|0.04|0.91|0.92;2026-03-28T09:29:42.554+01:00|W5|1.1|0.89|0.04|0.89|0.60;2026-03-28T09:29:42.554+01:00|W6|1.5|1.13|0.24|1.13|0.92;2026-03-28T09:29:42.554+01:00|W7|1.7|1.43|0.06|1.43|0.89;2026-03-28T09:29:42.554+01:00|W8|1.3|0.42|0.06|0.42|1.28;2026-03-28T09:29:42.554+01:00|W9|0.9|0.40|0.08|0.40|0.65;2026-03-28T09:29:42.554+01:00|W10|0.9|0.60|0.35|0.60|0.63;2026-03-28T09:29:42.554+01:00|W11|1.1|0.58|0.03|0.58|0.81;2026-03-28T09:29:42.554+01:00|W12|1.5|-0.30|0.17|-0.30|1.45"
45.00;5.47;2026-03-28T09:29:42.5678463+01:00;44.50;-0.07;-12.75;24.2;1.835;-0.278;40.521;-22.001;7.160;-16.791;92.435;-42.164;101.600;"2026-03-28T09:29:42.554+01:00|W1|1.9|1.78|0.14|1.78|0.73;2026-03-28T09:29:42.554+01:00|W2|1.5|1.39|0.08|1.39|0.32;2026-03-28T09:29:42.554+01:00|W3|1.7|1.63|0.04|1.63|0.44;2026-03-28T09:29:42.554+01:00|W4|1.3|0.91|0.04|0.91|0.92;2026-03-28T09:29:42.554+01:00|W5|1.1|0.89|0.04|0.89|0.60;2026-03-28T09:29:42.554+01:00|W6|1.5|1.13|0.24|1.13|0.92;2026-03-28T09:29:42.554+01:00|W7|1.7|1.43|0.06|1.43|0.89;2026-03-28T09:29:42.554+01:00|W8|1.3|0.42|0.06|0.42|1.28;2026-03-28T09:29:42.554+01:00|W9|0.9|0.40|0.08|0.40|0.65;2026-03-28T09:29:42.554+01:00|W10|0.9|0.60|0.35|0.60|0.63;2026-03-28T09:29:42.554+01:00|W11|1.1|0.58|0.03|0.58|0.81;2026-03-28T09:29:42.554+01:00|W12|1.5|-0.30|0.17|-0.30|1.45"
46.00;5.45;2026-03-28T09:29:42.6021038+01:00;45.37;-0.08;-13.16;23.7;1.515;-0.643;40.445;-21.873;6.956;-16.526;92.378;-42.621;101.740;"2026-03-28T09:29:42.554+01:00|W1|1.9|1.78|0.14|1.78|0.73;2026-03-28T09:29:42.554+01:00|W2|1.5|1.39|0.08|1.39|0.32;2026-03-28T09:29:42.554+01:00|W3|1.7|1.63|0.04|1.63|0.44;2026-03-28T09:29:42.554+01:00|W4|1.3|0.91|0.04|0.91|0.92;2026-03-28T09:29:42.554+01:00|W5|1.1|0.89|0.04|0.89|0.60;2026-03-28T09:29:42.554+01:00|W6|1.5|1.13|0.24|1.13|0.92;2026-03-28T09:29:42.554+01:00|W7|1.7|1.43|0.06|1.43|0.89;2026-03-28T09:29:42.554+01:00|W8|1.3|0.42|0.06|0.42|1.28;2026-03-28T09:29:42.554+01:00|W9|0.9|0.40|0.08|0.40|0.65;2026-03-28T09:29:42.554+01:00|W10|0.9|0.60|0.35|0.60|0.63;2026-03-28T09:29:42.554+01:00|W11|1.1|0.58|0.03|0.58|0.81;2026-03-28T09:29:42.554+01:00|W12|1.5|-0.30|0.17|-0.30|1.45"
47.00;5.44;2026-03-28T09:29:42.6363579+01:00;46.25;-0.09;-13.56;23.1;1.194;-1.022;40.369;-21.987;6.751;-16.256;92.354;-43.105;101.923;"2026-03-28T09:29:42.554+01:00|W1|1.9|1.78|0.14|1.78|0.73;2026-03-28T09:29:42.554+01:00|W2|1.5|1.39|0.08|1.39|0.32;2026-03-28T09:29:42.554+01:00|W3|1.7|1.63|0.04|1.63|0.44;2026-03-28T09:29:42.554+01:00|W4|1.3|0.91|0.04|0.91|0.92;2026-03-28T09:29:42.554+01:00|W5|1.1|0.89|0.04|0.89|0.60;2026-03-28T09:29:42.554+01:00|W6|1.5|1.13|0.24|1.13|0.92;2026-03-28T09:29:42.554+01:00|W7|1.7|1.43|0.06|1.43|0.89;2026-03-28T09:29:42.554+01:00|W8|1.3|0.42|0.06|0.42|1.28;2026-03-28T09:29:42.554+01:00|W9|0.9|0.40|0.08|0.40|0.65;2026-03-28T09:29:42.554+01:00|W10|0.9|0.60|0.35|0.60|0.63;2026-03-28T09:29:42.554+01:00|W11|1.1|0.58|0.03|0.58|0.81;2026-03-28T09:29:42.554+01:00|W12|1.5|-0.30|0.17|-0.30|1.45"
48.00;5.43;2026-03-28T09:29:42.6705748+01:00;47.13;-0.10;-13.97;22.5;0.874;-1.401;40.293;-22.101;6.547;-15.987;92.330;-43.588;102.107;"2026-03-28T09:29:42.554+01:00|W1|1.9|1.78|0.14|1.78|0.73;2026-03-28T09:29:42.554+01:00|W2|1.5|1.39|0.08|1.39|0.32;2026-03-28T09:29:42.554+01:00|W3|1.7|1.63|0.04|1.63|0.44;2026-03-28T09:29:42.554+01:00|W4|1.3|0.91|0.04|0.91|0.92;2026-03-28T09:29:42.554+01:00|W5|1.1|0.89|0.04|0.89|0.60;2026-03-28T09:29:42.554+01:00|W6|1.5|1.13|0.24|1.13|0.92;2026-03-28T09:29:42.554+01:00|W7|1.7|1.43|0.06|1.43|0.89;2026-03-28T09:29:42.554+01:00|W8|1.3|0.42|0.06|0.42|1.28;2026-03-28T09:29:42.554+01:00|W9|0.9|0.40|0.08|0.40|0.65;2026-03-28T09:29:42.554+01:00|W10|0.9|0.60|0.35|0.60|0.63;2026-03-28T09:29:42.554+01:00|W11|1.1|0.58|0.03|0.58|0.81;2026-03-28T09:29:42.554+01:00|W12|1.5|-0.30|0.17|-0.30|1.45"
49.00;5.40;2026-03-28T09:29:42.7043889+01:00;48.00;-0.11;-14.38;22.4;0.855;-1.982;40.128;-23.109;6.329;-15.888;92.397;-44.325;102.484;"2026-03-28T09:29:42.801+01:00|W1|1.9|1.78|0.14|1.78|0.73;2026-03-28T09:29:42.801+01:00|W2|1.5|1.39|0.08|1.39|0.32;2026-03-28T09:29:42.801+01:00|W3|1.7|1.63|0.04|1.63|0.44;2026-03-28T09:29:42.801+01:00|W4|1.3|0.91|0.04|0.91|0.92;2026-03-28T09:29:42.801+01:00|W5|1.1|0.89|0.04|0.89|0.60;2026-03-28T09:29:42.801+01:00|W6|1.5|1.13|0.24|1.13|0.92;2026-03-28T09:29:42.801+01:00|W7|1.7|1.43|0.06|1.43|0.89;2026-03-28T09:29:42.801+01:00|W8|1.3|0.42|0.06|0.42|1.28;2026-03-28T09:29:42.801+01:00|W9|0.9|0.40|0.08|0.40|0.65;2026-03-28T09:29:42.801+01:00|W10|0.9|0.58|0.38|0.58|0.59;2026-03-28T09:29:42.801+01:00|W11|1.1|0.58|0.03|0.58|0.81;2026-03-28T09:29:42.801+01:00|W12|1.5|-0.30|0.17|-0.30|1.45"
50.00;5.36;2026-03-28T09:29:42.7380501+01:00;48.87;-0.12;-14.80;22.4;0.865;-2.585;39.956;-23.455;6.111;-15.870;92.451;-44.990;102.823;"2026-03-28T09:29:42.801+01:00|W1|1.9|1.78|0.14|1.78|0.73;2026-03-28T09:29:42.801+01:00|W2|1.5|1.39|0.08|1.39|0.32;2026-03-28T09:29:42.801+01:00|W3|1.7|1.63|0.04|1.63|0.44;2026-03-28T09:29:42.801+01:00|W4|1.3|0.91|0.04|0.91|0.92;2026-03-28T09:29:42.801+01:00|W5|1.1|0.89|0.04|0.89|0.60;2026-03-28T09:29:42.801+01:00|W6|1.5|1.13|0.24|1.13|0.92;2026-03-28T09:29:42.801+01:00|W7|1.7|1.43|0.06|1.43|0.89;2026-03-28T09:29:42.801+01:00|W8|1.3|0.42|0.06|0.42|1.28;2026-03-28T09:29:42.801+01:00|W9|0.9|0.40|0.08|0.40|0.65;2026-03-28T09:29:42.801+01:00|W10|0.9|0.58|0.38|0.58|0.59;2026-03-28T09:29:42.801+01:00|W11|1.1|0.58|0.03|0.58|0.81;2026-03-28T09:29:42.801+01:00|W12|1.5|-0.30|0.17|-0.30|1.45"
51.00;5.32;2026-03-28T09:29:42.7715614+01:00;49.73;-0.13;-15.23;22.5;0.875;-3.189;39.784;-22.811;5.893;-15.939;92.478;-45.528;103.083;"2026-03-28T09:29:42.801+01:00|W1|1.9|1.78|0.14|1.78|0.73;2026-03-28T09:29:42.801+01:00|W2|1.5|1.39|0.08|1.39|0.32;2026-03-28T09:29:42.801+01:00|W3|1.7|1.63|0.04|1.63|0.44;2026-03-28T09:29:42.801+01:00|W4|1.3|0.91|0.04|0.91|0.92;2026-03-28T09:29:42.801+01:00|W5|1.1|0.89|0.04|0.89|0.60;2026-03-28T09:29:42.801+01:00|W6|1.5|1.13|0.24|1.13|0.92;2026-03-28T09:29:42.801+01:00|W7|1.7|1.43|0.06|1.43|0.89;2026-03-28T09:29:42.801+01:00|W8|1.3|0.42|0.06|0.42|1.28;2026-03-28T09:29:42.801+01:00|W9|0.9|0.40|0.08|0.40|0.65;2026-03-28T09:29:42.801+01:00|W10|0.9|0.58|0.38|0.58|0.59;2026-03-28T09:29:42.801+01:00|W11|1.1|0.58|0.03|0.58|0.81;2026-03-28T09:29:42.801+01:00|W12|1.5|-0.30|0.17|-0.30|1.45"
52.00;5.26;2026-03-28T09:29:42.8050374+01:00;50.59;-0.14;-15.67;22.5;0.886;-3.550;39.613;-22.894;5.675;-16.025;92.459;-46.032;103.290;"2026-03-28T09:29:42.801+01:00|W1|1.9|1.78|0.14|1.78|0.73;2026-03-28T09:29:42.801+01:00|W2|1.5|1.39|0.08|1.39|0.32;2026-03-28T09:29:42.801+01:00|W3|1.7|1.63|0.04|1.63|0.44;2026-03-28T09:29:42.801+01:00|W4|1.3|0.91|0.04|0.91|0.92;2026-03-28T09:29:42.801+01:00|W5|1.1|0.89|0.04|0.89|0.60;2026-03-28T09:29:42.801+01:00|W6|1.5|1.13|0.24|1.13|0.92;2026-03-28T09:29:42.801+01:00|W7|1.7|1.43|0.06|1.43|0.89;2026-03-28T09:29:42.801+01:00|W8|1.3|0.42|0.06|0.42|1.28;2026-03-28T09:29:42.801+01:00|W9|0.9|0.40|0.08|0.40|0.65;2026-03-28T09:29:42.801+01:00|W10|0.9|0.58|0.38|0.58|0.59;2026-03-28T09:29:42.801+01:00|W11|1.1|0.58|0.03|0.58|0.81;2026-03-28T09:29:42.801+01:00|W12|1.5|-0.30|0.17|-0.30|1.45"
53.00;5.20;2026-03-28T09:29:42.8385759+01:00;51.45;-0.15;-16.11;22.6;0.896;-3.896;39.441;-23.026;5.457;-16.113;92.438;-46.535;103.496;"2026-03-28T09:29:42.801+01:00|W1|1.9|1.78|0.14|1.78|0.73;2026-03-28T09:29:42.801+01:00|W2|1.5|1.39|0.08|1.39|0.32;2026-03-28T09:29:42.801+01:00|W3|1.7|1.63|0.04|1.63|0.44;2026-03-28T09:29:42.801+01:00|W4|1.3|0.91|0.04|0.91|0.92;2026-03-28T09:29:42.801+01:00|W5|1.1|0.89|0.04|0.89|0.60;2026-03-28T09:29:42.801+01:00|W6|1.5|1.13|0.24|1.13|0.92;2026-03-28T09:29:42.801+01:00|W7|1.7|1.43|0.06|1.43|0.89;2026-03-28T09:29:42.801+01:00|W8|1.3|0.42|0.06|0.42|1.28;2026-03-28T09:29:42.801+01:00|W9|0.9|0.40|0.08|0.40|0.65;2026-03-28T09:29:42.801+01:00|W10|0.9|0.58|0.38|0.58|0.59;2026-03-28T09:29:42.801+01:00|W11|1.1|0.58|0.03|0.58|0.81;2026-03-28T09:29:42.801+01:00|W12|1.5|-0.30|0.17|-0.30|1.45"
54.00;5.15;2026-03-28T09:29:42.8721953+01:00;52.31;-0.16;-16.55;22.7;0.906;-4.242;39.268;-23.157;5.239;-16.201;92.416;-47.038;103.704;"2026-03-28T09:29:42.801+01:00|W1|1.9|1.78|0.14|1.78|0.73;2026-03-28T09:29:42.801+01:00|W2|1.5|1.39|0.08|1.39|0.32;2026-03-28T09:29:42.801+01:00|W3|1.7|1.63|0.04|1.63|0.44;2026-03-28T09:29:42.801+01:00|W4|1.3|0.91|0.04|0.91|0.92;2026-03-28T09:29:42.801+01:00|W5|1.1|0.89|0.04|0.89|0.60;2026-03-28T09:29:42.801+01:00|W6|1.5|1.13|0.24|1.13|0.92;2026-03-28T09:29:42.801+01:00|W7|1.7|1.43|0.06|1.43|0.89;2026-03-28T09:29:42.801+01:00|W8|1.3|0.42|0.06|0.42|1.28;2026-03-28T09:29:42.801+01:00|W9|0.9|0.40|0.08|0.40|0.65;2026-03-28T09:29:42.801+01:00|W10|0.9|0.58|0.38|0.58|0.59;2026-03-28T09:29:42.801+01:00|W11|1.1|0.58|0.03|0.58|0.81;2026-03-28T09:29:42.801+01:00|W12|1.5|-0.30|0.17|-0.30|1.45"
55.00;5.10;2026-03-28T09:29:42.9062642+01:00;53.19;-0.18;-17.01;22.6;0.917;-4.323;39.094;-21.527;5.017;-16.081;92.370;-47.490;103.871;"2026-03-28T09:29:42.801+01:00|W1|1.9|1.78|0.14|1.78|0.73;2026-03-28T09:29:42.801+01:00|W2|1.5|1.39|0.08|1.39|0.32;2026-03-28T09:29:42.801+01:00|W3|1.7|1.63|0.04|1.63|0.44;2026-03-28T09:29:42.801+01:00|W4|1.3|0.91|0.04|0.91|0.92;2026-03-28T09:29:42.801+01:00|W5|1.1|0.89|0.04|0.89|0.60;2026-03-28T09:29:42.801+01:00|W6|1.5|1.13|0.24|1.13|0.92;2026-03-28T09:29:42.801+01:00|W7|1.7|1.43|0.06|1.43|0.89;2026-03-28T09:29:42.801+01:00|W8|1.3|0.42|0.06|0.42|1.28;2026-03-28T09:29:42.801+01:00|W9|0.9|0.40|0.08|0.40|0.65;2026-03-28T09:29:42.801+01:00|W10|0.9|0.58|0.38|0.58|0.59;2026-03-28T09:29:42.801+01:00|W11|1.1|0.58|0.03|0.58|0.81;2026-03-28T09:29:42.801+01:00|W12|1.5|-0.30|0.17|-0.30|1.45"
56.00;5.05;2026-03-28T09:29:42.9403408+01:00;54.07;-0.19;-17.47;22.4;0.928;-4.336;38.919;-21.480;4.796;-15.906;92.336;-47.927;104.045;"2026-03-28T09:29:43.054+01:00|W1|1.9|1.74|0.10|1.74|0.74;2026-03-28T09:29:43.054+01:00|W2|1.6|1.43|0.21|1.43|0.43;2026-03-28T09:29:43.054+01:00|W3|1.7|1.59|0.00|1.59|0.58;2026-03-28T09:29:43.054+01:00|W4|1.3|0.86|0.06|0.86|0.92;2026-03-28T09:29:43.054+01:00|W5|1.1|0.84|0.03|0.84|0.58;2026-03-28T09:29:43.054+01:00|W6|1.5|1.13|0.23|1.13|1.00;2026-03-28T09:29:43.054+01:00|W7|1.6|1.20|0.17|1.20|1.04;2026-03-28T09:29:43.054+01:00|W8|1.4|0.40|0.08|0.40|1.32;2026-03-28T09:29:43.054+01:00|W9|0.8|0.45|0.12|0.45|0.59;2026-03-28T09:29:43.054+01:00|W10|0.9|0.51|0.34|0.51|0.66;2026-03-28T09:29:43.054+01:00|W11|0.9|0.46|0.07|0.46|0.75;2026-03-28T09:29:43.054+01:00|W12|1.4|-0.43|0.09|-0.43|1.35"
57.00;4.99;2026-03-28T09:29:42.9744022+01:00;54.94;-0.21;-17.94;22.2;0.938;-4.287;38.745;-23.106;4.574;-15.686;92.314;-48.352;104.227;"2026-03-28T09:29:43.054+01:00|W1|1.9|1.74|0.10|1.74|0.74;2026-03-28T09:29:43.054+01:00|W2|1.6|1.43|0.21|1.43|0.43;2026-03-28T09:29:43.054+01:00|W3|1.7|1.59|0.00|1.59|0.58;2026-03-28T09:29:43.054+01:00|W4|1.3|0.86|0.06|0.86|0.92;2026-03-28T09:29:43.054+01:00|W5|1.1|0.84|0.03|0.84|0.58;2026-03-28T09:29:43.054+01:00|W6|1.5|1.13|0.23|1.13|1.00;2026-03-28T09:29:43.054+01:00|W7|1.6|1.20|0.17|1.20|1.04;2026-03-28T09:29:43.054+01:00|W8|1.4|0.40|0.08|0.40|1.32;2026-03-28T09:29:43.054+01:00|W9|0.8|0.45|0.12|0.45|0.59;2026-03-28T09:29:43.054+01:00|W10|0.9|0.51|0.34|0.51|0.66;2026-03-28T09:29:43.054+01:00|W11|0.9|0.46|0.07|0.46|0.75;2026-03-28T09:29:43.054+01:00|W12|1.4|-0.43|0.09|-0.43|1.35"
58.00;4.94;2026-03-28T09:29:43.0083647+01:00;55.81;-0.23;-18.40;22.0;0.949;-4.008;38.571;-22.412;4.354;-15.500;92.304;-48.763;104.410;"2026-03-28T09:29:43.054+01:00|W1|1.9|1.74|0.10|1.74|0.74;2026-03-28T09:29:43.054+01:00|W2|1.6|1.43|0.21|1.43|0.43;2026-03-28T09:29:43.054+01:00|W3|1.7|1.59|0.00|1.59|0.58;2026-03-28T09:29:43.054+01:00|W4|1.3|0.86|0.06|0.86|0.92;2026-03-28T09:29:43.054+01:00|W5|1.1|0.84|0.03|0.84|0.58;2026-03-28T09:29:43.054+01:00|W6|1.5|1.13|0.23|1.13|1.00;2026-03-28T09:29:43.054+01:00|W7|1.6|1.20|0.17|1.20|1.04;2026-03-28T09:29:43.054+01:00|W8|1.4|0.40|0.08|0.40|1.32;2026-03-28T09:29:43.054+01:00|W9|0.8|0.45|0.12|0.45|0.59;2026-03-28T09:29:43.054+01:00|W10|0.9|0.51|0.34|0.51|0.66;2026-03-28T09:29:43.054+01:00|W11|0.9|0.46|0.07|0.46|0.75;2026-03-28T09:29:43.054+01:00|W12|1.4|-0.43|0.09|-0.43|1.35"
59.00;4.89;2026-03-28T09:29:43.0423080+01:00;56.68;-0.24;-18.87;21.8;0.959;-3.728;38.397;-21.717;4.133;-15.315;92.294;-49.173;104.594;"2026-03-28T09:29:43.054+01:00|W1|1.9|1.74|0.10|1.74|0.74;2026-03-28T09:29:43.054+01:00|W2|1.6|1.43|0.21|1.43|0.43;2026-03-28T09:29:43.054+01:00|W3|1.7|1.59|0.00|1.59|0.58;2026-03-28T09:29:43.054+01:00|W4|1.3|0.86|0.06|0.86|0.92;2026-03-28T09:29:43.054+01:00|W5|1.1|0.84|0.03|0.84|0.58;2026-03-28T09:29:43.054+01:00|W6|1.5|1.13|0.23|1.13|1.00;2026-03-28T09:29:43.054+01:00|W7|1.6|1.20|0.17|1.20|1.04;2026-03-28T09:29:43.054+01:00|W8|1.4|0.40|0.08|0.40|1.32;2026-03-28T09:29:43.054+01:00|W9|0.8|0.45|0.12|0.45|0.59;2026-03-28T09:29:43.054+01:00|W10|0.9|0.51|0.34|0.51|0.66;2026-03-28T09:29:43.054+01:00|W11|0.9|0.46|0.07|0.46|0.75;2026-03-28T09:29:43.054+01:00|W12|1.4|-0.43|0.09|-0.43|1.35"
60.00;4.84;2026-03-28T09:29:43.0762161+01:00;57.55;-0.26;-19.34;21.6;0.970;-3.454;38.223;-21.016;3.913;-15.120;92.282;-49.583;104.776;"2026-03-28T09:29:43.054+01:00|W1|1.9|1.74|0.10|1.74|0.74;2026-03-28T09:29:43.054+01:00|W2|1.6|1.43|0.21|1.43|0.43;2026-03-28T09:29:43.054+01:00|W3|1.7|1.59|0.00|1.59|0.58;2026-03-28T09:29:43.054+01:00|W4|1.3|0.86|0.06|0.86|0.92;2026-03-28T09:29:43.054+01:00|W5|1.1|0.84|0.03|0.84|0.58;2026-03-28T09:29:43.054+01:00|W6|1.5|1.13|0.23|1.13|1.00;2026-03-28T09:29:43.054+01:00|W7|1.6|1.20|0.17|1.20|1.04;2026-03-28T09:29:43.054+01:00|W8|1.4|0.40|0.08|0.40|1.32;2026-03-28T09:29:43.054+01:00|W9|0.8|0.45|0.12|0.45|0.59;2026-03-28T09:29:43.054+01:00|W10|0.9|0.51|0.34|0.51|0.66;2026-03-28T09:29:43.054+01:00|W11|0.9|0.46|0.07|0.46|0.75;2026-03-28T09:29:43.054+01:00|W12|1.4|-0.43|0.09|-0.43|1.35"
61.00;4.79;2026-03-28T09:29:43.1098903+01:00;58.42;-0.28;-19.82;21.3;0.980;-3.243;38.050;-20.220;3.694;-14.818;92.236;-49.978;104.928;"2026-03-28T09:29:43.054+01:00|W1|1.9|1.74|0.10|1.74|0.74;2026-03-28T09:29:43.054+01:00|W2|1.6|1.43|0.21|1.43|0.43;2026-03-28T09:29:43.054+01:00|W3|1.7|1.59|0.00|1.59|0.58;2026-03-28T09:29:43.054+01:00|W4|1.3|0.86|0.06|0.86|0.92;2026-03-28T09:29:43.054+01:00|W5|1.1|0.84|0.03|0.84|0.58;2026-03-28T09:29:43.054+01:00|W6|1.5|1.13|0.23|1.13|1.00;2026-03-28T09:29:43.054+01:00|W7|1.6|1.20|0.17|1.20|1.04;2026-03-28T09:29:43.054+01:00|W8|1.4|0.40|0.08|0.40|1.32;2026-03-28T09:29:43.054+01:00|W9|0.8|0.45|0.12|0.45|0.59;2026-03-28T09:29:43.054+01:00|W10|0.9|0.51|0.34|0.51|0.66;2026-03-28T09:29:43.054+01:00|W11|0.9|0.46|0.07|0.46|0.75;2026-03-28T09:29:43.054+01:00|W12|1.4|-0.43|0.09|-0.43|1.35"
62.00;4.78;2026-03-28T09:29:43.1444723+01:00;59.29;-0.31;-20.27;19.6;0.991;-3.047;37.873;-20.315;3.469;-14.475;92.194;-50.440;105.117;"2026-03-28T09:29:43.054+01:00|W1|1.9|1.74|0.10|1.74|0.74;2026-03-28T09:29:43.054+01:00|W2|1.6|1.43|0.21|1.43|0.43;2026-03-28T09:29:43.054+01:00|W3|1.7|1.59|0.00|1.59|0.58;2026-03-28T09:29:43.054+01:00|W4|1.3|0.86|0.06|0.86|0.92;2026-03-28T09:29:43.054+01:00|W5|1.1|0.84|0.03|0.84|0.58;2026-03-28T09:29:43.054+01:00|W6|1.5|1.13|0.23|1.13|1.00;2026-03-28T09:29:43.054+01:00|W7|1.6|1.20|0.17|1.20|1.04;2026-03-28T09:29:43.054+01:00|W8|1.4|0.40|0.08|0.40|1.32;2026-03-28T09:29:43.054+01:00|W9|0.8|0.45|0.12|0.45|0.59;2026-03-28T09:29:43.054+01:00|W10|0.9|0.51|0.34|0.51|0.66;2026-03-28T09:29:43.054+01:00|W11|0.9|0.46|0.07|0.46|0.75;2026-03-28T09:29:43.054+01:00|W12|1.4|-0.43|0.09|-0.43|1.35"
63.00;4.79;2026-03-28T09:29:43.1794053+01:00;60.18;-0.35;-20.71;17.4;0.963;-2.891;37.821;-20.861;3.299;-14.139;92.135;-50.891;105.289;"2026-03-28T09:29:43.304+01:00|W1|1.9|1.74|0.10|1.74|0.74;2026-03-28T09:29:43.304+01:00|W2|1.6|1.43|0.21|1.43|0.43;2026-03-28T09:29:43.304+01:00|W3|1.7|1.59|0.00|1.59|0.58;2026-03-28T09:29:43.304+01:00|W4|1.3|0.86|0.06|0.86|0.92;2026-03-28T09:29:43.304+01:00|W5|1.1|0.84|0.03|0.84|0.58;2026-03-28T09:29:43.304+01:00|W6|1.5|1.13|0.23|1.13|1.00;2026-03-28T09:29:43.304+01:00|W7|1.6|1.20|0.17|1.20|1.04;2026-03-28T09:29:43.304+01:00|W8|1.4|0.40|0.08|0.40|1.32;2026-03-28T09:29:43.304+01:00|W9|0.8|0.45|0.12|0.45|0.59;2026-03-28T09:29:43.304+01:00|W10|0.9|0.51|0.34|0.51|0.66;2026-03-28T09:29:43.304+01:00|W11|0.9|0.40|0.08|0.40|0.82;2026-03-28T09:29:43.304+01:00|W12|1.4|-0.43|0.09|-0.43|1.35"
64.00;4.75;2026-03-28T09:29:43.2130136+01:00;61.04;-0.37;-21.19;17.3;0.749;-2.882;38.386;-20.619;3.413;-13.972;91.980;-51.068;105.244;"2026-03-28T09:29:43.304+01:00|W1|1.9|1.74|0.10|1.74|0.74;2026-03-28T09:29:43.304+01:00|W2|1.6|1.43|0.21|1.43|0.43;2026-03-28T09:29:43.304+01:00|W3|1.7|1.59|0.00|1.59|0.58;2026-03-28T09:29:43.304+01:00|W4|1.3|0.86|0.06|0.86|0.92;2026-03-28T09:29:43.304+01:00|W5|1.1|0.84|0.03|0.84|0.58;2026-03-28T09:29:43.304+01:00|W6|1.5|1.13|0.23|1.13|1.00;2026-03-28T09:29:43.304+01:00|W7|1.6|1.20|0.17|1.20|1.04;2026-03-28T09:29:43.304+01:00|W8|1.4|0.40|0.08|0.40|1.32;2026-03-28T09:29:43.304+01:00|W9|0.8|0.45|0.12|0.45|0.59;2026-03-28T09:29:43.304+01:00|W10|0.9|0.51|0.34|0.51|0.66;2026-03-28T09:29:43.304+01:00|W11|0.9|0.40|0.08|0.40|0.82;2026-03-28T09:29:43.304+01:00|W12|1.4|-0.43|0.09|-0.43|1.35"
65.00;4.71;2026-03-28T09:29:43.2465671+01:00;61.89;-0.40;-21.67;17.1;0.536;-2.873;38.951;-20.378;3.527;-13.806;91.826;-51.244;105.199;"2026-03-28T09:29:43.304+01:00|W1|1.9|1.74|0.10|1.74|0.74;2026-03-28T09:29:43.304+01:00|W2|1.6|1.43|0.21|1.43|0.43;2026-03-28T09:29:43.304+01:00|W3|1.7|1.59|0.00|1.59|0.58;2026-03-28T09:29:43.304+01:00|W4|1.3|0.86|0.06|0.86|0.92;2026-03-28T09:29:43.304+01:00|W5|1.1|0.84|0.03|0.84|0.58;2026-03-28T09:29:43.304+01:00|W6|1.5|1.13|0.23|1.13|1.00;2026-03-28T09:29:43.304+01:00|W7|1.6|1.20|0.17|1.20|1.04;2026-03-28T09:29:43.304+01:00|W8|1.4|0.40|0.08|0.40|1.32;2026-03-28T09:29:43.304+01:00|W9|0.8|0.45|0.12|0.45|0.59;2026-03-28T09:29:43.304+01:00|W10|0.9|0.51|0.34|0.51|0.66;2026-03-28T09:29:43.304+01:00|W11|0.9|0.40|0.08|0.40|0.82;2026-03-28T09:29:43.304+01:00|W12|1.4|-0.43|0.09|-0.43|1.35"
66.00;4.67;2026-03-28T09:29:43.2801074+01:00;62.75;-0.43;-22.16;17.0;0.323;-2.938;39.516;-20.496;3.640;-13.681;91.706;-51.481;105.216;"2026-03-28T09:29:43.304+01:00|W1|1.9|1.74|0.10|1.74|0.74;2026-03-28T09:29:43.304+01:00|W2|1.6|1.43|0.21|1.43|0.43;2026-03-28T09:29:43.304+01:00|W3|1.7|1.59|0.00|1.59|0.58;2026-03-28T09:29:43.304+01:00|W4|1.3|0.86|0.06|0.86|0.92;2026-03-28T09:29:43.304+01:00|W5|1.1|0.84|0.03|0.84|0.58;2026-03-28T09:29:43.304+01:00|W6|1.5|1.13|0.23|1.13|1.00;2026-03-28T09:29:43.304+01:00|W7|1.6|1.20|0.17|1.20|1.04;2026-03-28T09:29:43.304+01:00|W8|1.4|0.40|0.08|0.40|1.32;2026-03-28T09:29:43.304+01:00|W9|0.8|0.45|0.12|0.45|0.59;2026-03-28T09:29:43.304+01:00|W10|0.9|0.51|0.34|0.51|0.66;2026-03-28T09:29:43.304+01:00|W11|0.9|0.40|0.08|0.40|0.82;2026-03-28T09:29:43.304+01:00|W12|1.4|-0.43|0.09|-0.43|1.35"
67.00;4.64;2026-03-28T09:29:43.3136991+01:00;63.61;-0.45;-22.64;17.0;0.109;-3.311;40.081;-22.115;3.754;-13.732;91.733;-51.973;105.488;"2026-03-28T09:29:43.304+01:00|W1|1.9|1.74|0.10|1.74|0.74;2026-03-28T09:29:43.304+01:00|W2|1.6|1.43|0.21|1.43|0.43;2026-03-28T09:29:43.304+01:00|W3|1.7|1.59|0.00|1.59|0.58;2026-03-28T09:29:43.304+01:00|W4|1.3|0.86|0.06|0.86|0.92;2026-03-28T09:29:43.304+01:00|W5|1.1|0.84|0.03|0.84|0.58;2026-03-28T09:29:43.304+01:00|W6|1.5|1.13|0.23|1.13|1.00;2026-03-28T09:29:43.304+01:00|W7|1.6|1.20|0.17|1.20|1.04;2026-03-28T09:29:43.304+01:00|W8|1.4|0.40|0.08|0.40|1.32;2026-03-28T09:29:43.304+01:00|W9|0.8|0.45|0.12|0.45|0.59;2026-03-28T09:29:43.304+01:00|W10|0.9|0.51|0.34|0.51|0.66;2026-03-28T09:29:43.304+01:00|W11|0.9|0.40|0.08|0.40|0.82;2026-03-28T09:29:43.304+01:00|W12|1.4|-0.43|0.09|-0.43|1.35"
68.00;4.61;2026-03-28T09:29:43.3471911+01:00;64.46;-0.48;-23.13;17.1;-0.104;-3.837;40.645;-23.047;3.868;-13.854;91.692;-52.344;105.640;"2026-03-28T09:29:43.304+01:00|W1|1.9|1.74|0.10|1.74|0.74;2026-03-28T09:29:43.304+01:00|W2|1.6|1.43|0.21|1.43|0.43;2026-03-28T09:29:43.304+01:00|W3|1.7|1.59|0.00|1.59|0.58;2026-03-28T09:29:43.304+01:00|W4|1.3|0.86|0.06|0.86|0.92;2026-03-28T09:29:43.304+01:00|W5|1.1|0.84|0.03|0.84|0.58;2026-03-28T09:29:43.304+01:00|W6|1.5|1.13|0.23|1.13|1.00;2026-03-28T09:29:43.304+01:00|W7|1.6|1.20|0.17|1.20|1.04;2026-03-28T09:29:43.304+01:00|W8|1.4|0.40|0.08|0.40|1.32;2026-03-28T09:29:43.304+01:00|W9|0.8|0.45|0.12|0.45|0.59;2026-03-28T09:29:43.304+01:00|W10|0.9|0.51|0.34|0.51|0.66;2026-03-28T09:29:43.304+01:00|W11|0.9|0.40|0.08|0.40|0.82;2026-03-28T09:29:43.304+01:00|W12|1.4|-0.43|0.09|-0.43|1.35"
69.00;4.57;2026-03-28T09:29:43.3806208+01:00;65.32;-0.51;-23.62;17.3;-0.317;-4.481;41.207;-23.697;3.981;-14.001;91.637;-52.707;105.774;"2026-03-28T09:29:43.304+01:00|W1|1.9|1.74|0.10|1.74|0.74;2026-03-28T09:29:43.304+01:00|W2|1.6|1.43|0.21|1.43|0.43;2026-03-28T09:29:43.304+01:00|W3|1.7|1.59|0.00|1.59|0.58;2026-03-28T09:29:43.304+01:00|W4|1.3|0.86|0.06|0.86|0.92;2026-03-28T09:29:43.304+01:00|W5|1.1|0.84|0.03|0.84|0.58;2026-03-28T09:29:43.304+01:00|W6|1.5|1.13|0.23|1.13|1.00;2026-03-28T09:29:43.304+01:00|W7|1.6|1.20|0.17|1.20|1.04;2026-03-28T09:29:43.304+01:00|W8|1.4|0.40|0.08|0.40|1.32;2026-03-28T09:29:43.304+01:00|W9|0.8|0.45|0.12|0.45|0.59;2026-03-28T09:29:43.304+01:00|W10|0.9|0.51|0.34|0.51|0.66;2026-03-28T09:29:43.304+01:00|W11|0.9|0.40|0.08|0.40|0.82;2026-03-28T09:29:43.304+01:00|W12|1.4|-0.43|0.09|-0.43|1.35"
70.00;4.54;2026-03-28T09:29:43.4139732+01:00;66.16;-0.54;-24.12;17.4;-0.529;-5.326;41.769;-24.368;4.094;-14.126;91.639;-53.230;106.040;"2026-03-28T09:29:43.304+01:00|W1|1.9|1.74|0.10|1.74|0.74;2026-03-28T09:29:43.304+01:00|W2|1.6|1.43|0.21|1.43|0.43;2026-03-28T09:29:43.304+01:00|W3|1.7|1.59|0.00|1.59|0.58;2026-03-28T09:29:43.304+01:00|W4|1.3|0.86|0.06|0.86|0.92;2026-03-28T09:29:43.304+01:00|W5|1.1|0.84|0.03|0.84|0.58;2026-03-28T09:29:43.304+01:00|W6|1.5|1.13|0.23|1.13|1.00;2026-03-28T09:29:43.304+01:00|W7|1.6|1.20|0.17|1.20|1.04;2026-03-28T09:29:43.304+01:00|W8|1.4|0.40|0.08|0.40|1.32;2026-03-28T09:29:43.304+01:00|W9|0.8|0.45|0.12|0.45|0.59;2026-03-28T09:29:43.304+01:00|W10|0.9|0.51|0.34|0.51|0.66;2026-03-28T09:29:43.304+01:00|W11|0.9|0.40|0.08|0.40|0.82;2026-03-28T09:29:43.304+01:00|W12|1.4|-0.43|0.09|-0.43|1.35"
71.00;4.50;2026-03-28T09:29:43.4473073+01:00;67.01;-0.57;-24.62;17.5;-0.741;-6.171;42.330;-25.038;4.207;-14.251;91.642;-53.754;106.307;"2026-03-28T09:29:43.550+01:00|W1|2.0|1.88|0.16|1.88|0.60;2026-03-28T09:29:43.550+01:00|W2|1.7|1.44|0.25|1.44|0.46;2026-03-28T09:29:43.550+01:00|W3|1.6|1.47|0.03|1.47|0.67;2026-03-28T09:29:43.550+01:00|W4|1.3|0.84|0.05|0.84|0.94;2026-03-28T09:29:43.550+01:00|W5|1.0|0.86|0.00|0.86|0.48;2026-03-28T09:29:43.550+01:00|W6|1.4|1.08|0.08|1.08|0.85;2026-03-28T09:29:43.550+01:00|W7|1.5|1.07|0.23|1.07|1.07;2026-03-28T09:29:43.550+01:00|W8|1.4|0.41|0.09|0.41|1.34;2026-03-28T09:29:43.550+01:00|W9|0.7|0.42|0.18|0.42|0.55;2026-03-28T09:29:43.550+01:00|W10|1.0|0.69|0.20|0.69|0.59;2026-03-28T09:29:43.550+01:00|W11|1.0|0.45|0.04|0.45|0.84;2026-03-28T09:29:43.550+01:00|W12|1.4|-0.03|0.01|-0.03|1.19"
72.00;4.48;2026-03-28T09:29:43.4806328+01:00;67.86;-0.60;-25.12;17.7;-0.953;-7.017;42.890;-25.558;4.320;-14.320;91.687;-54.285;106.615;"2026-03-28T09:29:43.550+01:00|W1|2.0|1.88|0.16|1.88|0.60;2026-03-28T09:29:43.550+01:00|W2|1.7|1.44|0.25|1.44|0.46;2026-03-28T09:29:43.550+01:00|W3|1.6|1.47|0.03|1.47|0.67;2026-03-28T09:29:43.550+01:00|W4|1.3|0.84|0.05|0.84|0.94;2026-03-28T09:29:43.550+01:00|W5|1.0|0.86|0.00|0.86|0.48;2026-03-28T09:29:43.550+01:00|W6|1.4|1.08|0.08|1.08|0.85;2026-03-28T09:29:43.550+01:00|W7|1.5|1.07|0.23|1.07|1.07;2026-03-28T09:29:43.550+01:00|W8|1.4|0.41|0.09|0.41|1.34;2026-03-28T09:29:43.550+01:00|W9|0.7|0.42|0.18|0.42|0.55;2026-03-28T09:29:43.550+01:00|W10|1.0|0.69|0.20|0.69|0.59;2026-03-28T09:29:43.550+01:00|W11|1.0|0.45|0.04|0.45|0.84;2026-03-28T09:29:43.550+01:00|W12|1.4|-0.03|0.01|-0.03|1.19"
73.00;4.47;2026-03-28T09:29:43.5139544+01:00;68.71;-0.64;-25.60;18.4;-1.165;-7.869;43.451;-25.513;4.433;-14.176;91.894;-54.847;107.073;"2026-03-28T09:29:43.550+01:00|W1|2.0|1.88|0.16|1.88|0.60;2026-03-28T09:29:43.550+01:00|W2|1.7|1.44|0.25|1.44|0.46;2026-03-28T09:29:43.550+01:00|W3|1.6|1.47|0.03|1.47|0.67;2026-03-28T09:29:43.550+01:00|W4|1.3|0.84|0.05|0.84|0.94;2026-03-28T09:29:43.550+01:00|W5|1.0|0.86|0.00|0.86|0.48;2026-03-28T09:29:43.550+01:00|W6|1.4|1.08|0.08|1.08|0.85;2026-03-28T09:29:43.550+01:00|W7|1.5|1.07|0.23|1.07|1.07;2026-03-28T09:29:43.550+01:00|W8|1.4|0.41|0.09|0.41|1.34;2026-03-28T09:29:43.550+01:00|W9|0.7|0.42|0.18|0.42|0.55;2026-03-28T09:29:43.550+01:00|W10|1.0|0.69|0.20|0.69|0.59;2026-03-28T09:29:43.550+01:00|W11|1.0|0.45|0.04|0.45|0.84;2026-03-28T09:29:43.550+01:00|W12|1.4|-0.03|0.01|-0.03|1.19"
74.00;4.44;2026-03-28T09:29:43.5468947+01:00;69.56;-0.67;-26.11;18.3;-1.221;-8.617;43.703;-25.410;4.487;-13.862;91.972;-55.350;107.396;"2026-03-28T09:29:43.550+01:00|W1|2.0|1.88|0.16|1.88|0.60;2026-03-28T09:29:43.550+01:00|W2|1.7|1.44|0.25|1.44|0.46;2026-03-28T09:29:43.550+01:00|W3|1.6|1.47|0.03|1.47|0.67;2026-03-28T09:29:43.550+01:00|W4|1.3|0.84|0.05|0.84|0.94;2026-03-28T09:29:43.550+01:00|W5|1.0|0.86|0.00|0.86|0.48;2026-03-28T09:29:43.550+01:00|W6|1.4|1.08|0.08|1.08|0.85;2026-03-28T09:29:43.550+01:00|W7|1.5|1.07|0.23|1.07|1.07;2026-03-28T09:29:43.550+01:00|W8|1.4|0.41|0.09|0.41|1.34;2026-03-28T09:29:43.550+01:00|W9|0.7|0.42|0.18|0.42|0.55;2026-03-28T09:29:43.550+01:00|W10|1.0|0.69|0.20|0.69|0.59;2026-03-28T09:29:43.550+01:00|W11|1.0|0.45|0.04|0.45|0.84;2026-03-28T09:29:43.550+01:00|W12|1.4|-0.03|0.01|-0.03|1.19"
75.00;4.41;2026-03-28T09:29:43.5796733+01:00;70.39;-0.70;-26.62;17.8;-1.215;-9.295;43.829;-25.176;4.516;-13.451;91.989;-55.825;107.655;"2026-03-28T09:29:43.550+01:00|W1|2.0|1.88|0.16|1.88|0.60;2026-03-28T09:29:43.550+01:00|W2|1.7|1.44|0.25|1.44|0.46;2026-03-28T09:29:43.550+01:00|W3|1.6|1.47|0.03|1.47|0.67;2026-03-28T09:29:43.550+01:00|W4|1.3|0.84|0.05|0.84|0.94;2026-03-28T09:29:43.550+01:00|W5|1.0|0.86|0.00|0.86|0.48;2026-03-28T09:29:43.550+01:00|W6|1.4|1.08|0.08|1.08|0.85;2026-03-28T09:29:43.550+01:00|W7|1.5|1.07|0.23|1.07|1.07;2026-03-28T09:29:43.550+01:00|W8|1.4|0.41|0.09|0.41|1.34;2026-03-28T09:29:43.550+01:00|W9|0.7|0.42|0.18|0.42|0.55;2026-03-28T09:29:43.550+01:00|W10|1.0|0.69|0.20|0.69|0.59;2026-03-28T09:29:43.550+01:00|W11|1.0|0.45|0.04|0.45|0.84;2026-03-28T09:29:43.550+01:00|W12|1.4|-0.03|0.01|-0.03|1.19"
76.00;4.38;2026-03-28T09:29:43.6124264+01:00;71.23;-0.73;-27.13;17.3;-1.208;-9.856;43.955;-24.472;4.546;-12.921;91.968;-56.281;107.877;"2026-03-28T09:29:43.550+01:00|W1|2.0|1.88|0.16|1.88|0.60;2026-03-28T09:29:43.550+01:00|W2|1.7|1.44|0.25|1.44|0.46;2026-03-28T09:29:43.550+01:00|W3|1.6|1.47|0.03|1.47|0.67;2026-03-28T09:29:43.550+01:00|W4|1.3|0.84|0.05|0.84|0.94;2026-03-28T09:29:43.550+01:00|W5|1.0|0.86|0.00|0.86|0.48;2026-03-28T09:29:43.550+01:00|W6|1.4|1.08|0.08|1.08|0.85;2026-03-28T09:29:43.550+01:00|W7|1.5|1.07|0.23|1.07|1.07;2026-03-28T09:29:43.550+01:00|W8|1.4|0.41|0.09|0.41|1.34;2026-03-28T09:29:43.550+01:00|W9|0.7|0.42|0.18|0.42|0.55;2026-03-28T09:29:43.550+01:00|W10|1.0|0.69|0.20|0.69|0.59;2026-03-28T09:29:43.550+01:00|W11|1.0|0.45|0.04|0.45|0.84;2026-03-28T09:29:43.550+01:00|W12|1.4|-0.03|0.01|-0.03|1.19"
77.00;4.35;2026-03-28T09:29:43.6450138+01:00;72.06;-0.76;-27.65;16.9;-1.201;-10.281;44.080;-24.029;4.575;-12.526;92.016;-56.795;108.193;"2026-03-28T09:29:43.550+01:00|W1|2.0|1.88|0.16|1.88|0.60;2026-03-28T09:29:43.550+01:00|W2|1.7|1.44|0.25|1.44|0.46;2026-03-28T09:29:43.550+01:00|W3|1.6|1.47|0.03|1.47|0.67;2026-03-28T09:29:43.550+01:00|W4|1.3|0.84|0.05|0.84|0.94;2026-03-28T09:29:43.550+01:00|W5|1.0|0.86|0.00|0.86|0.48;2026-03-28T09:29:43.550+01:00|W6|1.4|1.08|0.08|1.08|0.85;2026-03-28T09:29:43.550+01:00|W7|1.5|1.07|0.23|1.07|1.07;2026-03-28T09:29:43.550+01:00|W8|1.4|0.41|0.09|0.41|1.34;2026-03-28T09:29:43.550+01:00|W9|0.7|0.42|0.18|0.42|0.55;2026-03-28T09:29:43.550+01:00|W10|1.0|0.69|0.20|0.69|0.59;2026-03-28T09:29:43.550+01:00|W11|1.0|0.45|0.04|0.45|0.84;2026-03-28T09:29:43.550+01:00|W12|1.4|-0.03|0.01|-0.03|1.19"
78.00;4.31;2026-03-28T09:29:43.6775122+01:00;72.90;-0.79;-28.17;16.6;-1.194;-10.635;44.204;-23.722;4.604;-12.200;92.100;-57.341;108.556;"2026-03-28T09:29:43.802+01:00|W1|2.0|1.94|0.19|1.94|0.55;2026-03-28T09:29:43.802+01:00|W2|1.7|1.53|0.26|1.53|0.33;2026-03-28T09:29:43.802+01:00|W3|1.6|1.41|0.07|1.41|0.65;2026-03-28T09:29:43.802+01:00|W4|1.3|0.89|0.01|0.89|0.95;2026-03-28T09:29:43.802+01:00|W5|1.0|0.90|0.02|0.90|0.34;2026-03-28T09:29:43.802+01:00|W6|1.3|1.11|0.03|1.11|0.76;2026-03-28T09:29:43.802+01:00|W7|1.5|1.10|0.21|1.10|1.05;2026-03-28T09:29:43.802+01:00|W8|1.4|0.43|0.08|0.43|1.34;2026-03-28T09:29:43.802+01:00|W9|0.7|0.38|0.18|0.38|0.59;2026-03-28T09:29:43.802+01:00|W10|1.0|0.73|0.07|0.73|0.64;2026-03-28T09:29:43.802+01:00|W11|0.9|0.46|0.10|0.46|0.76;2026-03-28T09:29:43.802+01:00|W12|1.3|-0.06|0.04|-0.06|1.27"
79.00;4.29;2026-03-28T09:29:43.7099905+01:00;73.73;-0.82;-28.69;16.2;-1.188;-10.989;44.329;-23.415;4.633;-11.875;92.185;-57.886;108.922;"2026-03-28T09:29:43.802+01:00|W1|2.0|1.94|0.19|1.94|0.55;2026-03-28T09:29:43.802+01:00|W2|1.7|1.53|0.26|1.53|0.33;2026-03-28T09:29:43.802+01:00|W3|1.6|1.41|0.07|1.41|0.65;2026-03-28T09:29:43.802+01:00|W4|1.3|0.89|0.01|0.89|0.95;2026-03-28T09:29:43.802+01:00|W5|1.0|0.90|0.02|0.90|0.34;2026-03-28T09:29:43.802+01:00|W6|1.3|1.11|0.03|1.11|0.76;2026-03-28T09:29:43.802+01:00|W7|1.5|1.10|0.21|1.10|1.05;2026-03-28T09:29:43.802+01:00|W8|1.4|0.43|0.08|0.43|1.34;2026-03-28T09:29:43.802+01:00|W9|0.7|0.38|0.18|0.38|0.59;2026-03-28T09:29:43.802+01:00|W10|1.0|0.73|0.07|0.73|0.64;2026-03-28T09:29:43.802+01:00|W11|0.9|0.46|0.10|0.46|0.76;2026-03-28T09:29:43.802+01:00|W12|1.3|-0.06|0.04|-0.06|1.27"
80.00;4.26;2026-03-28T09:29:43.7424937+01:00;74.56;-0.86;-29.22;16.1;-1.181;-11.218;44.454;-23.048;4.663;-11.749;92.235;-58.431;109.259;"2026-03-28T09:29:43.802+01:00|W1|2.0|1.94|0.19|1.94|0.55;2026-03-28T09:29:43.802+01:00|W2|1.7|1.53|0.26|1.53|0.33;2026-03-28T09:29:43.802+01:00|W3|1.6|1.41|0.07|1.41|0.65;2026-03-28T09:29:43.802+01:00|W4|1.3|0.89|0.01|0.89|0.95;2026-03-28T09:29:43.802+01:00|W5|1.0|0.90|0.02|0.90|0.34;2026-03-28T09:29:43.802+01:00|W6|1.3|1.11|0.03|1.11|0.76;2026-03-28T09:29:43.802+01:00|W7|1.5|1.10|0.21|1.10|1.05;2026-03-28T09:29:43.802+01:00|W8|1.4|0.43|0.08|0.43|1.34;2026-03-28T09:29:43.802+01:00|W9|0.7|0.38|0.18|0.38|0.59;2026-03-28T09:29:43.802+01:00|W10|1.0|0.73|0.07|0.73|0.64;2026-03-28T09:29:43.802+01:00|W11|0.9|0.46|0.10|0.46|0.76;2026-03-28T09:29:43.802+01:00|W12|1.3|-0.06|0.04|-0.06|1.27"
81.00;4.22;2026-03-28T09:29:43.7750166+01:00;75.39;-0.90;-29.75;16.1;-1.174;-11.349;44.579;-22.629;4.692;-11.771;92.263;-58.971;109.574;"2026-03-28T09:29:43.802+01:00|W1|2.0|1.94|0.19|1.94|0.55;2026-03-28T09:29:43.802+01:00|W2|1.7|1.53|0.26|1.53|0.33;2026-03-28T09:29:43.802+01:00|W3|1.6|1.41|0.07|1.41|0.65;2026-03-28T09:29:43.802+01:00|W4|1.3|0.89|0.01|0.89|0.95;2026-03-28T09:29:43.802+01:00|W5|1.0|0.90|0.02|0.90|0.34;2026-03-28T09:29:43.802+01:00|W6|1.3|1.11|0.03|1.11|0.76;2026-03-28T09:29:43.802+01:00|W7|1.5|1.10|0.21|1.10|1.05;2026-03-28T09:29:43.802+01:00|W8|1.4|0.43|0.08|0.43|1.34;2026-03-28T09:29:43.802+01:00|W9|0.7|0.38|0.18|0.38|0.59;2026-03-28T09:29:43.802+01:00|W10|1.0|0.73|0.07|0.73|0.64;2026-03-28T09:29:43.802+01:00|W11|0.9|0.46|0.10|0.46|0.76;2026-03-28T09:29:43.802+01:00|W12|1.3|-0.06|0.04|-0.06|1.27"
82.00;4.19;2026-03-28T09:29:43.8075755+01:00;76.23;-0.93;-30.29;16.2;-1.168;-11.319;44.703;-21.991;4.721;-11.850;92.336;-59.377;109.852;"2026-03-28T09:29:43.802+01:00|W1|2.0|1.94|0.19|1.94|0.55;2026-03-28T09:29:43.802+01:00|W2|1.7|1.53|0.26|1.53|0.33;2026-03-28T09:29:43.802+01:00|W3|1.6|1.41|0.07|1.41|0.65;2026-03-28T09:29:43.802+01:00|W4|1.3|0.89|0.01|0.89|0.95;2026-03-28T09:29:43.802+01:00|W5|1.0|0.90|0.02|0.90|0.34;2026-03-28T09:29:43.802+01:00|W6|1.3|1.11|0.03|1.11|0.76;2026-03-28T09:29:43.802+01:00|W7|1.5|1.10|0.21|1.10|1.05;2026-03-28T09:29:43.802+01:00|W8|1.4|0.43|0.08|0.43|1.34;2026-03-28T09:29:43.802+01:00|W9|0.7|0.38|0.18|0.38|0.59;2026-03-28T09:29:43.802+01:00|W10|1.0|0.73|0.07|0.73|0.64;2026-03-28T09:29:43.802+01:00|W11|0.9|0.46|0.10|0.46|0.76;2026-03-28T09:29:43.802+01:00|W12|1.3|-0.06|0.04|-0.06|1.27"
83.00;4.15;2026-03-28T09:29:43.8400641+01:00;77.06;-0.97;-30.84;16.2;-1.161;-11.146;44.828;-21.482;4.750;-11.828;92.373;-59.752;110.085;"2026-03-28T09:29:43.802+01:00|W1|2.0|1.94|0.19|1.94|0.55;2026-03-28T09:29:43.802+01:00|W2|1.7|1.53|0.26|1.53|0.33;2026-03-28T09:29:43.802+01:00|W3|1.6|1.41|0.07|1.41|0.65;2026-03-28T09:29:43.802+01:00|W4|1.3|0.89|0.01|0.89|0.95;2026-03-28T09:29:43.802+01:00|W5|1.0|0.90|0.02|0.90|0.34;2026-03-28T09:29:43.802+01:00|W6|1.3|1.11|0.03|1.11|0.76;2026-03-28T09:29:43.802+01:00|W7|1.5|1.10|0.21|1.10|1.05;2026-03-28T09:29:43.802+01:00|W8|1.4|0.43|0.08|0.43|1.34;2026-03-28T09:29:43.802+01:00|W9|0.7|0.38|0.18|0.38|0.59;2026-03-28T09:29:43.802+01:00|W10|1.0|0.73|0.07|0.73|0.64;2026-03-28T09:29:43.802+01:00|W11|0.9|0.46|0.10|0.46|0.76;2026-03-28T09:29:43.802+01:00|W12|1.3|-0.06|0.04|-0.06|1.27"
84.00;4.11;2026-03-28T09:29:43.8724844+01:00;77.88;-1.00;-31.39;16.1;-1.154;-10.832;44.953;-21.099;4.780;-11.707;92.375;-60.098;110.276;"2026-03-28T09:29:43.802+01:00|W1|2.0|1.94|0.19|1.94|0.55;2026-03-28T09:29:43.802+01:00|W2|1.7|1.53|0.26|1.53|0.33;2026-03-28T09:29:43.802+01:00|W3|1.6|1.41|0.07|1.41|0.65;2026-03-28T09:29:43.802+01:00|W4|1.3|0.89|0.01|0.89|0.95;2026-03-28T09:29:43.802+01:00|W5|1.0|0.90|0.02|0.90|0.34;2026-03-28T09:29:43.802+01:00|W6|1.3|1.11|0.03|1.11|0.76;2026-03-28T09:29:43.802+01:00|W7|1.5|1.10|0.21|1.10|1.05;2026-03-28T09:29:43.802+01:00|W8|1.4|0.43|0.08|0.43|1.34;2026-03-28T09:29:43.802+01:00|W9|0.7|0.38|0.18|0.38|0.59;2026-03-28T09:29:43.802+01:00|W10|1.0|0.73|0.07|0.73|0.64;2026-03-28T09:29:43.802+01:00|W11|0.9|0.46|0.10|0.46|0.76;2026-03-28T09:29:43.802+01:00|W12|1.3|-0.06|0.04|-0.06|1.27"
85.00;4.08;2026-03-28T09:29:43.9053166+01:00;78.72;-1.04;-31.94;16.0;-1.147;-10.515;45.078;-20.711;4.809;-11.586;92.377;-60.448;110.469;"2026-03-28T09:29:43.802+01:00|W1|2.0|1.94|0.19|1.94|0.55;2026-03-28T09:29:43.802+01:00|W2|1.7|1.53|0.26|1.53|0.33;2026-03-28T09:29:43.802+01:00|W3|1.6|1.41|0.07|1.41|0.65;2026-03-28T09:29:43.802+01:00|W4|1.3|0.89|0.01|0.89|0.95;2026-03-28T09:29:43.802+01:00|W5|1.0|0.90|0.02|0.90|0.34;2026-03-28T09:29:43.802+01:00|W6|1.3|1.11|0.03|1.11|0.76;2026-03-28T09:29:43.802+01:00|W7|1.5|1.10|0.21|1.10|1.05;2026-03-28T09:29:43.802+01:00|W8|1.4|0.43|0.08|0.43|1.34;2026-03-28T09:29:43.802+01:00|W9|0.7|0.38|0.18|0.38|0.59;2026-03-28T09:29:43.802+01:00|W10|1.0|0.73|0.07|0.73|0.64;2026-03-28T09:29:43.802+01:00|W11|0.9|0.46|0.10|0.46|0.76;2026-03-28T09:29:43.802+01:00|W12|1.3|-0.06|0.04|-0.06|1.27"
86.00;4.07;2026-03-28T09:29:43.9386241+01:00;79.58;-1.08;-32.49;15.9;-1.141;-10.068;45.206;-19.860;4.839;-11.408;92.408;-60.925;110.763;"2026-03-28T09:29:44.051+01:00|W1|2.0|1.93|0.15|1.93|0.52;2026-03-28T09:29:44.051+01:00|W2|1.7|1.55|0.21|1.55|0.25;2026-03-28T09:29:44.051+01:00|W3|1.6|1.38|0.06|1.38|0.63;2026-03-28T09:29:44.051+01:00|W4|1.3|0.91|0.02|0.91|0.97;2026-03-28T09:29:44.051+01:00|W5|1.0|0.94|0.02|0.94|0.24;2026-03-28T09:29:44.051+01:00|W6|1.3|1.08|0.07|1.08|0.64;2026-03-28T09:29:44.051+01:00|W7|1.5|1.14|0.18|1.14|1.01;2026-03-28T09:29:44.051+01:00|W8|1.5|0.63|0.11|0.63|1.33;2026-03-28T09:29:44.051+01:00|W9|0.7|0.23|0.23|0.23|0.60;2026-03-28T09:29:44.051+01:00|W10|1.0|0.71|0.09|0.71|0.64;2026-03-28T09:29:44.051+01:00|W11|0.9|0.36|0.11|0.36|0.79;2026-03-28T09:29:44.051+01:00|W12|1.2|0.05|0.11|0.05|1.22"
87.00;4.09;2026-03-28T09:29:43.9725114+01:00;80.46;-1.15;-33.02;16.0;-1.134;-9.459;45.336;-18.424;4.870;-11.158;92.473;-61.564;111.184;"2026-03-28T09:29:44.051+01:00|W1|2.0|1.93|0.15|1.93|0.52;2026-03-28T09:29:44.051+01:00|W2|1.7|1.55|0.21|1.55|0.25;2026-03-28T09:29:44.051+01:00|W3|1.6|1.38|0.06|1.38|0.63;2026-03-28T09:29:44.051+01:00|W4|1.3|0.91|0.02|0.91|0.97;2026-03-28T09:29:44.051+01:00|W5|1.0|0.94|0.02|0.94|0.24;2026-03-28T09:29:44.051+01:00|W6|1.3|1.08|0.07|1.08|0.64;2026-03-28T09:29:44.051+01:00|W7|1.5|1.14|0.18|1.14|1.01;2026-03-28T09:29:44.051+01:00|W8|1.5|0.63|0.11|0.63|1.33;2026-03-28T09:29:44.051+01:00|W9|0.7|0.23|0.23|0.23|0.60;2026-03-28T09:29:44.051+01:00|W10|1.0|0.71|0.09|0.71|0.64;2026-03-28T09:29:44.051+01:00|W11|0.9|0.36|0.11|0.36|0.79;2026-03-28T09:29:44.051+01:00|W12|1.2|0.05|0.11|0.05|1.22"
88.00;4.06;2026-03-28T09:29:44.0057219+01:00;81.31;-1.19;-33.59;15.3;-1.012;-8.755;43.705;-18.076;4.392;-10.970;92.530;-61.762;111.351;"2026-03-28T09:29:44.051+01:00|W1|2.0|1.93|0.15|1.93|0.52;2026-03-28T09:29:44.051+01:00|W2|1.7|1.55|0.21|1.55|0.25;2026-03-28T09:29:44.051+01:00|W3|1.6|1.38|0.06|1.38|0.63;2026-03-28T09:29:44.051+01:00|W4|1.3|0.91|0.02|0.91|0.97;2026-03-28T09:29:44.051+01:00|W5|1.0|0.94|0.02|0.94|0.24;2026-03-28T09:29:44.051+01:00|W6|1.3|1.08|0.07|1.08|0.64;2026-03-28T09:29:44.051+01:00|W7|1.5|1.14|0.18|1.14|1.01;2026-03-28T09:29:44.051+01:00|W8|1.5|0.63|0.11|0.63|1.33;2026-03-28T09:29:44.051+01:00|W9|0.7|0.23|0.23|0.23|0.60;2026-03-28T09:29:44.051+01:00|W10|1.0|0.71|0.09|0.71|0.64;2026-03-28T09:29:44.051+01:00|W11|0.9|0.36|0.11|0.36|0.79;2026-03-28T09:29:44.051+01:00|W12|1.2|0.05|0.11|0.05|1.22"
89.00;4.04;2026-03-28T09:29:44.0388603+01:00;82.16;-1.23;-34.16;14.8;-0.896;-8.080;42.134;-18.149;3.960;-10.892;92.560;-61.937;111.478;"2026-03-28T09:29:44.051+01:00|W1|2.0|1.93|0.15|1.93|0.52;2026-03-28T09:29:44.051+01:00|W2|1.7|1.55|0.21|1.55|0.25;2026-03-28T09:29:44.051+01:00|W3|1.6|1.38|0.06|1.38|0.63;2026-03-28T09:29:44.051+01:00|W4|1.3|0.91|0.02|0.91|0.97;2026-03-28T09:29:44.051+01:00|W5|1.0|0.94|0.02|0.94|0.24;2026-03-28T09:29:44.051+01:00|W6|1.3|1.08|0.07|1.08|0.64;2026-03-28T09:29:44.051+01:00|W7|1.5|1.14|0.18|1.14|1.01;2026-03-28T09:29:44.051+01:00|W8|1.5|0.63|0.11|0.63|1.33;2026-03-28T09:29:44.051+01:00|W9|0.7|0.23|0.23|0.23|0.60;2026-03-28T09:29:44.051+01:00|W10|1.0|0.71|0.09|0.71|0.64;2026-03-28T09:29:44.051+01:00|W11|0.9|0.36|0.11|0.36|0.79;2026-03-28T09:29:44.051+01:00|W12|1.2|0.05|0.11|0.05|1.22"
90.00;4.01;2026-03-28T09:29:44.0719413+01:00;83.01;-1.28;-34.73;14.5;-0.790;-7.443;40.704;-18.672;3.603;-10.942;92.557;-62.102;111.572;"2026-03-28T09:29:44.051+01:00|W1|2.0|1.93|0.15|1.93|0.52;2026-03-28T09:29:44.051+01:00|W2|1.7|1.55|0.21|1.55|0.25;2026-03-28T09:29:44.051+01:00|W3|1.6|1.38|0.06|1.38|0.63;2026-03-28T09:29:44.051+01:00|W4|1.3|0.91|0.02|0.91|0.97;2026-03-28T09:29:44.051+01:00|W5|1.0|0.94|0.02|0.94|0.24;2026-03-28T09:29:44.051+01:00|W6|1.3|1.08|0.07|1.08|0.64;2026-03-28T09:29:44.051+01:00|W7|1.5|1.14|0.18|1.14|1.01;2026-03-28T09:29:44.051+01:00|W8|1.5|0.63|0.11|0.63|1.33;2026-03-28T09:29:44.051+01:00|W9|0.7|0.23|0.23|0.23|0.60;2026-03-28T09:29:44.051+01:00|W10|1.0|0.71|0.09|0.71|0.64;2026-03-28T09:29:44.051+01:00|W11|0.9|0.36|0.11|0.36|0.79;2026-03-28T09:29:44.051+01:00|W12|1.2|0.05|0.11|0.05|1.22"
91.00;4.00;2026-03-28T09:29:44.1038972+01:00;83.84;-1.33;-35.28;14.2;-0.688;-6.828;39.323;-19.177;3.259;-10.989;92.555;-62.262;111.662;"2026-03-28T09:29:44.051+01:00|W1|2.0|1.93|0.15|1.93|0.52;2026-03-28T09:29:44.051+01:00|W2|1.7|1.55|0.21|1.55|0.25;2026-03-28T09:29:44.051+01:00|W3|1.6|1.38|0.06|1.38|0.63;2026-03-28T09:29:44.051+01:00|W4|1.3|0.91|0.02|0.91|0.97;2026-03-28T09:29:44.051+01:00|W5|1.0|0.94|0.02|0.94|0.24;2026-03-28T09:29:44.051+01:00|W6|1.3|1.08|0.07|1.08|0.64;2026-03-28T09:29:44.051+01:00|W7|1.5|1.14|0.18|1.14|1.01;2026-03-28T09:29:44.051+01:00|W8|1.5|0.63|0.11|0.63|1.33;2026-03-28T09:29:44.051+01:00|W9|0.7|0.23|0.23|0.23|0.60;2026-03-28T09:29:44.051+01:00|W10|1.0|0.71|0.09|0.71|0.64;2026-03-28T09:29:44.051+01:00|W11|0.9|0.36|0.11|0.36|0.79;2026-03-28T09:29:44.051+01:00|W12|1.2|0.05|0.11|0.05|1.22"
92.00;3.98;2026-03-28T09:29:44.1357692+01:00;84.65;-1.37;-35.84;14.1;-0.709;-6.335;38.213;-19.577;3.048;-11.104;92.534;-62.427;111.742;"2026-03-28T09:29:44.051+01:00|W1|2.0|1.93|0.15|1.93|0.52;2026-03-28T09:29:44.051+01:00|W2|1.7|1.55|0.21|1.55|0.25;2026-03-28T09:29:44.051+01:00|W3|1.6|1.38|0.06|1.38|0.63;2026-03-28T09:29:44.051+01:00|W4|1.3|0.91|0.02|0.91|0.97;2026-03-28T09:29:44.051+01:00|W5|1.0|0.94|0.02|0.94|0.24;2026-03-28T09:29:44.051+01:00|W6|1.3|1.08|0.07|1.08|0.64;2026-03-28T09:29:44.051+01:00|W7|1.5|1.14|0.18|1.14|1.01;2026-03-28T09:29:44.051+01:00|W8|1.5|0.63|0.11|0.63|1.33;2026-03-28T09:29:44.051+01:00|W9|0.7|0.23|0.23|0.23|0.60;2026-03-28T09:29:44.051+01:00|W10|1.0|0.71|0.09|0.71|0.64;2026-03-28T09:29:44.051+01:00|W11|0.9|0.36|0.11|0.36|0.79;2026-03-28T09:29:44.051+01:00|W12|1.2|0.05|0.11|0.05|1.22"
93.00;3.96;2026-03-28T09:29:44.1676033+01:00;85.47;-1.41;-36.39;14.4;-0.933;-6.038;37.541;-19.807;3.052;-11.328;92.486;-62.603;111.805;"2026-03-28T09:29:44.051+01:00|W1|2.0|1.93|0.15|1.93|0.52;2026-03-28T09:29:44.051+01:00|W2|1.7|1.55|0.21|1.55|0.25;2026-03-28T09:29:44.051+01:00|W3|1.6|1.38|0.06|1.38|0.63;2026-03-28T09:29:44.051+01:00|W4|1.3|0.91|0.02|0.91|0.97;2026-03-28T09:29:44.051+01:00|W5|1.0|0.94|0.02|0.94|0.24;2026-03-28T09:29:44.051+01:00|W6|1.3|1.08|0.07|1.08|0.64;2026-03-28T09:29:44.051+01:00|W7|1.5|1.14|0.18|1.14|1.01;2026-03-28T09:29:44.051+01:00|W8|1.5|0.63|0.11|0.63|1.33;2026-03-28T09:29:44.051+01:00|W9|0.7|0.23|0.23|0.23|0.60;2026-03-28T09:29:44.051+01:00|W10|1.0|0.71|0.09|0.71|0.64;2026-03-28T09:29:44.051+01:00|W11|0.9|0.36|0.11|0.36|0.79;2026-03-28T09:29:44.051+01:00|W12|1.2|0.05|0.11|0.05|1.22"
94.00;3.95;2026-03-28T09:29:44.1995574+01:00;86.29;-1.46;-36.95;14.6;-1.620;-6.061;37.380;-21.224;3.307;-11.524;92.441;-62.736;111.847;"2026-03-28T09:29:44.300+01:00|W1|2.0|1.93|0.15|1.93|0.52;2026-03-28T09:29:44.300+01:00|W2|1.7|1.55|0.21|1.55|0.25;2026-03-28T09:29:44.300+01:00|W3|1.6|1.38|0.06|1.38|0.63;2026-03-28T09:29:44.300+01:00|W4|1.3|0.91|0.02|0.91|0.97;2026-03-28T09:29:44.300+01:00|W5|1.0|0.94|0.02|0.94|0.24;2026-03-28T09:29:44.300+01:00|W6|1.3|1.08|0.07|1.08|0.64;2026-03-28T09:29:44.300+01:00|W7|1.5|1.14|0.18|1.14|1.01;2026-03-28T09:29:44.300+01:00|W8|1.5|0.63|0.11|0.63|1.33;2026-03-28T09:29:44.300+01:00|W9|0.7|0.23|0.23|0.23|0.60;2026-03-28T09:29:44.300+01:00|W10|1.0|0.85|0.04|0.85|0.53;2026-03-28T09:29:44.300+01:00|W11|0.9|0.31|0.07|0.31|0.85;2026-03-28T09:29:44.300+01:00|W12|1.2|0.05|0.11|0.05|1.22"
95.00;3.94;2026-03-28T09:29:44.2319331+01:00;87.11;-1.51;-37.51;14.7;-2.426;-6.160;37.339;-22.938;3.626;-11.717;92.397;-62.860;111.885;"2026-03-28T09:29:44.300+01:00|W1|2.0|1.93|0.15|1.93|0.52;2026-03-28T09:29:44.300+01:00|W2|1.7|1.55|0.21|1.55|0.25;2026-03-28T09:29:44.300+01:00|W3|1.6|1.38|0.06|1.38|0.63;2026-03-28T09:29:44.300+01:00|W4|1.3|0.91|0.02|0.91|0.97;2026-03-28T09:29:44.300+01:00|W5|1.0|0.94|0.02|0.94|0.24;2026-03-28T09:29:44.300+01:00|W6|1.3|1.08|0.07|1.08|0.64;2026-03-28T09:29:44.300+01:00|W7|1.5|1.14|0.18|1.14|1.01;2026-03-28T09:29:44.300+01:00|W8|1.5|0.63|0.11|0.63|1.33;2026-03-28T09:29:44.300+01:00|W9|0.7|0.23|0.23|0.23|0.60;2026-03-28T09:29:44.300+01:00|W10|1.0|0.85|0.04|0.85|0.53;2026-03-28T09:29:44.300+01:00|W11|0.9|0.31|0.07|0.31|0.85;2026-03-28T09:29:44.300+01:00|W12|1.2|0.05|0.11|0.05|1.22"
96.00;3.93;2026-03-28T09:29:44.2655065+01:00;87.97;-1.56;-38.09;14.9;-3.262;-6.263;37.296;-24.715;3.956;-11.916;92.351;-62.988;111.923;"2026-03-28T09:29:44.300+01:00|W1|2.0|1.93|0.15|1.93|0.52;2026-03-28T09:29:44.300+01:00|W2|1.7|1.55|0.21|1.55|0.25;2026-03-28T09:29:44.300+01:00|W3|1.6|1.38|0.06|1.38|0.63;2026-03-28T09:29:44.300+01:00|W4|1.3|0.91|0.02|0.91|0.97;2026-03-28T09:29:44.300+01:00|W5|1.0|0.94|0.02|0.94|0.24;2026-03-28T09:29:44.300+01:00|W6|1.3|1.08|0.07|1.08|0.64;2026-03-28T09:29:44.300+01:00|W7|1.5|1.14|0.18|1.14|1.01;2026-03-28T09:29:44.300+01:00|W8|1.5|0.63|0.11|0.63|1.33;2026-03-28T09:29:44.300+01:00|W9|0.7|0.23|0.23|0.23|0.60;2026-03-28T09:29:44.300+01:00|W10|1.0|0.85|0.04|0.85|0.53;2026-03-28T09:29:44.300+01:00|W11|0.9|0.31|0.07|0.31|0.85;2026-03-28T09:29:44.300+01:00|W12|1.2|0.05|0.11|0.05|1.22"
97.00;3.92;2026-03-28T09:29:44.2986068+01:00;88.83;-1.61;-38.68;15.7;-4.086;-6.495;37.253;-25.903;4.281;-11.974;92.564;-63.584;112.429;"2026-03-28T09:29:44.300+01:00|W1|2.0|1.93|0.15|1.93|0.52;2026-03-28T09:29:44.300+01:00|W2|1.7|1.55|0.21|1.55|0.25;2026-03-28T09:29:44.300+01:00|W3|1.6|1.38|0.06|1.38|0.63;2026-03-28T09:29:44.300+01:00|W4|1.3|0.91|0.02|0.91|0.97;2026-03-28T09:29:44.300+01:00|W5|1.0|0.94|0.02|0.94|0.24;2026-03-28T09:29:44.300+01:00|W6|1.3|1.08|0.07|1.08|0.64;2026-03-28T09:29:44.300+01:00|W7|1.5|1.14|0.18|1.14|1.01;2026-03-28T09:29:44.300+01:00|W8|1.5|0.63|0.11|0.63|1.33;2026-03-28T09:29:44.300+01:00|W9|0.7|0.23|0.23|0.23|0.60;2026-03-28T09:29:44.300+01:00|W10|1.0|0.85|0.04|0.85|0.53;2026-03-28T09:29:44.300+01:00|W11|0.9|0.31|0.07|0.31|0.85;2026-03-28T09:29:44.300+01:00|W12|1.2|0.05|0.11|0.05|1.22"
98.00;3.91;2026-03-28T09:29:44.3316550+01:00;89.69;-1.66;-39.27;16.4;-4.942;-6.724;36.550;-27.017;4.500;-11.939;92.800;-64.206;112.970;"2026-03-28T09:29:44.300+01:00|W1|2.0|1.93|0.15|1.93|0.52;2026-03-28T09:29:44.300+01:00|W2|1.7|1.55|0.21|1.55|0.25;2026-03-28T09:29:44.300+01:00|W3|1.6|1.38|0.06|1.38|0.63;2026-03-28T09:29:44.300+01:00|W4|1.3|0.91|0.02|0.91|0.97;2026-03-28T09:29:44.300+01:00|W5|1.0|0.94|0.02|0.94|0.24;2026-03-28T09:29:44.300+01:00|W6|1.3|1.08|0.07|1.08|0.64;2026-03-28T09:29:44.300+01:00|W7|1.5|1.14|0.18|1.14|1.01;2026-03-28T09:29:44.300+01:00|W8|1.5|0.63|0.11|0.63|1.33;2026-03-28T09:29:44.300+01:00|W9|0.7|0.23|0.23|0.23|0.60;2026-03-28T09:29:44.300+01:00|W10|1.0|0.85|0.04|0.85|0.53;2026-03-28T09:29:44.300+01:00|W11|0.9|0.31|0.07|0.31|0.85;2026-03-28T09:29:44.300+01:00|W12|1.2|0.05|0.11|0.05|1.22"
99.00;3.89;2026-03-28T09:29:44.3650152+01:00;90.55;-1.71;-39.87;16.0;-5.913;-6.820;33.760;-28.494;4.385;-11.756;92.845;-64.439;113.145;"2026-03-28T09:29:44.300+01:00|W1|2.0|1.93|0.15|1.93|0.52;2026-03-28T09:29:44.300+01:00|W2|1.7|1.55|0.21|1.55|0.25;2026-03-28T09:29:44.300+01:00|W3|1.6|1.38|0.06|1.38|0.63;2026-03-28T09:29:44.300+01:00|W4|1.3|0.91|0.02|0.91|0.97;2026-03-28T09:29:44.300+01:00|W5|1.0|0.94|0.02|0.94|0.24;2026-03-28T09:29:44.300+01:00|W6|1.3|1.08|0.07|1.08|0.64;2026-03-28T09:29:44.300+01:00|W7|1.5|1.14|0.18|1.14|1.01;2026-03-28T09:29:44.300+01:00|W8|1.5|0.63|0.11|0.63|1.33;2026-03-28T09:29:44.300+01:00|W9|0.7|0.23|0.23|0.23|0.60;2026-03-28T09:29:44.300+01:00|W10|1.0|0.85|0.04|0.85|0.53;2026-03-28T09:29:44.300+01:00|W11|0.9|0.31|0.07|0.31|0.85;2026-03-28T09:29:44.300+01:00|W12|1.2|0.05|0.11|0.05|1.22"
100.00;3.89;2026-03-28T09:29:44.3977829+01:00;91.39;-1.76;-40.46;15.4;-6.540;-6.826;32.244;-30.302;3.978;-11.562;92.881;-64.528;113.226;"2026-03-28T09:29:44.300+01:00|W1|2.0|1.93|0.15|1.93|0.52;2026-03-28T09:29:44.300+01:00|W2|1.7|1.55|0.21|1.55|0.25;2026-03-28T09:29:44.300+01:00|W3|1.6|1.38|0.06|1.38|0.63;2026-03-28T09:29:44.300+01:00|W4|1.3|0.91|0.02|0.91|0.97;2026-03-28T09:29:44.300+01:00|W5|1.0|0.94|0.02|0.94|0.24;2026-03-28T09:29:44.300+01:00|W6|1.3|1.08|0.07|1.08|0.64;2026-03-28T09:29:44.300+01:00|W7|1.5|1.14|0.18|1.14|1.01;2026-03-28T09:29:44.300+01:00|W8|1.5|0.63|0.11|0.63|1.33;2026-03-28T09:29:44.300+01:00|W9|0.7|0.23|0.23|0.23|0.60;2026-03-28T09:29:44.300+01:00|W10|1.0|0.85|0.04|0.85|0.53;2026-03-28T09:29:44.300+01:00|W11|0.9|0.31|0.07|0.31|0.85;2026-03-28T09:29:44.300+01:00|W12|1.2|0.05|0.11|0.05|1.22"
101.00;3.89;2026-03-28T09:29:44.4302072+01:00;92.23;-1.81;-41.04;14.7;-6.966;-6.765;31.089;-32.254;3.423;-11.378;92.919;-64.604;113.300;"2026-03-28T09:29:44.553+01:00|W1|2.0|1.91|0.08|1.91|0.47;2026-03-28T09:29:44.553+01:00|W2|1.5|1.43|0.05|1.43|0.13;2026-03-28T09:29:44.553+01:00|W3|1.6|1.38|0.02|1.38|0.56;2026-03-28T09:29:44.553+01:00|W4|1.3|0.93|0.01|0.93|0.95;2026-03-28T09:29:44.553+01:00|W5|1.1|1.02|0.01|1.02|0.13;2026-03-28T09:29:44.553+01:00|W6|1.4|1.13|0.08|1.13|0.79;2026-03-28T09:29:44.553+01:00|W7|1.6|1.23|0.08|1.23|1.00;2026-03-28T09:29:44.553+01:00|W8|1.6|0.82|0.15|0.82|1.33;2026-03-28T09:29:44.553+01:00|W9|0.7|0.32|0.19|0.32|0.57;2026-03-28T09:29:44.553+01:00|W10|1.1|0.90|0.06|0.90|0.57;2026-03-28T09:29:44.553+01:00|W11|0.9|0.25|0.06|0.25|0.86;2026-03-28T09:29:44.553+01:00|W12|1.3|0.08|0.06|0.08|1.30"
102.00;3.89;2026-03-28T09:29:44.4621038+01:00;93.05;-1.85;-41.61;13.8;-7.073;-6.569;29.621;-34.314;2.686;-11.241;92.980;-64.820;113.472;"2026-03-28T09:29:44.553+01:00|W1|2.0|1.91|0.08|1.91|0.47;2026-03-28T09:29:44.553+01:00|W2|1.5|1.43|0.05|1.43|0.13;2026-03-28T09:29:44.553+01:00|W3|1.6|1.38|0.02|1.38|0.56;2026-03-28T09:29:44.553+01:00|W4|1.3|0.93|0.01|0.93|0.95;2026-03-28T09:29:44.553+01:00|W5|1.1|1.02|0.01|1.02|0.13;2026-03-28T09:29:44.553+01:00|W6|1.4|1.13|0.08|1.13|0.79;2026-03-28T09:29:44.553+01:00|W7|1.6|1.23|0.08|1.23|1.00;2026-03-28T09:29:44.553+01:00|W8|1.6|0.82|0.15|0.82|1.33;2026-03-28T09:29:44.553+01:00|W9|0.7|0.32|0.19|0.32|0.57;2026-03-28T09:29:44.553+01:00|W10|1.1|0.90|0.06|0.90|0.57;2026-03-28T09:29:44.553+01:00|W11|0.9|0.25|0.06|0.25|0.86;2026-03-28T09:29:44.553+01:00|W12|1.3|0.08|0.06|0.08|1.30"
103.00;3.88;2026-03-28T09:29:44.4939930+01:00;93.88;-1.90;-42.19;13.0;-7.180;-6.372;28.153;-36.373;1.949;-11.104;93.040;-65.037;113.644;"2026-03-28T09:29:44.553+01:00|W1|2.0|1.91|0.08|1.91|0.47;2026-03-28T09:29:44.553+01:00|W2|1.5|1.43|0.05|1.43|0.13;2026-03-28T09:29:44.553+01:00|W3|1.6|1.38|0.02|1.38|0.56;2026-03-28T09:29:44.553+01:00|W4|1.3|0.93|0.01|0.93|0.95;2026-03-28T09:29:44.553+01:00|W5|1.1|1.02|0.01|1.02|0.13;2026-03-28T09:29:44.553+01:00|W6|1.4|1.13|0.08|1.13|0.79;2026-03-28T09:29:44.553+01:00|W7|1.6|1.23|0.08|1.23|1.00;2026-03-28T09:29:44.553+01:00|W8|1.6|0.82|0.15|0.82|1.33;2026-03-28T09:29:44.553+01:00|W9|0.7|0.32|0.19|0.32|0.57;2026-03-28T09:29:44.553+01:00|W10|1.1|0.90|0.06|0.90|0.57;2026-03-28T09:29:44.553+01:00|W11|0.9|0.25|0.06|0.25|0.86;2026-03-28T09:29:44.553+01:00|W12|1.3|0.08|0.06|0.08|1.30"
104.00;3.88;2026-03-28T09:29:44.5258584+01:00;94.70;-1.95;-42.76;12.1;-7.260;-6.173;26.700;-38.394;1.221;-10.994;93.098;-65.250;113.812;"2026-03-28T09:29:44.553+01:00|W1|2.0|1.91|0.08|1.91|0.47;2026-03-28T09:29:44.553+01:00|W2|1.5|1.43|0.05|1.43|0.13;2026-03-28T09:29:44.553+01:00|W3|1.6|1.38|0.02|1.38|0.56;2026-03-28T09:29:44.553+01:00|W4|1.3|0.93|0.01|0.93|0.95;2026-03-28T09:29:44.553+01:00|W5|1.1|1.02|0.01|1.02|0.13;2026-03-28T09:29:44.553+01:00|W6|1.4|1.13|0.08|1.13|0.79;2026-03-28T09:29:44.553+01:00|W7|1.6|1.23|0.08|1.23|1.00;2026-03-28T09:29:44.553+01:00|W8|1.6|0.82|0.15|0.82|1.33;2026-03-28T09:29:44.553+01:00|W9|0.7|0.32|0.19|0.32|0.57;2026-03-28T09:29:44.553+01:00|W10|1.1|0.90|0.06|0.90|0.57;2026-03-28T09:29:44.553+01:00|W11|0.9|0.25|0.06|0.25|0.86;2026-03-28T09:29:44.553+01:00|W12|1.3|0.08|0.06|0.08|1.30"
105.00;3.89;2026-03-28T09:29:44.5574626+01:00;95.52;-2.00;-43.34;11.8;-6.988;-5.938;25.442;-39.902;0.610;-11.233;93.118;-65.413;113.921;"2026-03-28T09:29:44.553+01:00|W1|2.0|1.91|0.08|1.91|0.47;2026-03-28T09:29:44.553+01:00|W2|1.5|1.43|0.05|1.43|0.13;2026-03-28T09:29:44.553+01:00|W3|1.6|1.38|0.02|1.38|0.56;2026-03-28T09:29:44.553+01:00|W4|1.3|0.93|0.01|0.93|0.95;2026-03-28T09:29:44.553+01:00|W5|1.1|1.02|0.01|1.02|0.13;2026-03-28T09:29:44.553+01:00|W6|1.4|1.13|0.08|1.13|0.79;2026-03-28T09:29:44.553+01:00|W7|1.6|1.23|0.08|1.23|1.00;2026-03-28T09:29:44.553+01:00|W8|1.6|0.82|0.15|0.82|1.33;2026-03-28T09:29:44.553+01:00|W9|0.7|0.32|0.19|0.32|0.57;2026-03-28T09:29:44.553+01:00|W10|1.1|0.90|0.06|0.90|0.57;2026-03-28T09:29:44.553+01:00|W11|0.9|0.25|0.06|0.25|0.86;2026-03-28T09:29:44.553+01:00|W12|1.3|0.08|0.06|0.08|1.30"
106.00;3.90;2026-03-28T09:29:44.5889788+01:00;96.33;-2.04;-43.90;11.6;-6.738;-5.673;24.670;-41.774;0.237;-11.532;93.130;-65.655;114.065;"2026-03-28T09:29:44.553+01:00|W1|2.0|1.91|0.08|1.91|0.47;2026-03-28T09:29:44.553+01:00|W2|1.5|1.43|0.05|1.43|0.13;2026-03-28T09:29:44.553+01:00|W3|1.6|1.38|0.02|1.38|0.56;2026-03-28T09:29:44.553+01:00|W4|1.3|0.93|0.01|0.93|0.95;2026-03-28T09:29:44.553+01:00|W5|1.1|1.02|0.01|1.02|0.13;2026-03-28T09:29:44.553+01:00|W6|1.4|1.13|0.08|1.13|0.79;2026-03-28T09:29:44.553+01:00|W7|1.6|1.23|0.08|1.23|1.00;2026-03-28T09:29:44.553+01:00|W8|1.6|0.82|0.15|0.82|1.33;2026-03-28T09:29:44.553+01:00|W9|0.7|0.32|0.19|0.32|0.57;2026-03-28T09:29:44.553+01:00|W10|1.1|0.90|0.06|0.90|0.57;2026-03-28T09:29:44.553+01:00|W11|0.9|0.25|0.06|0.25|0.86;2026-03-28T09:29:44.553+01:00|W12|1.3|0.08|0.06|0.08|1.30"
107.00;3.91;2026-03-28T09:29:44.6204028+01:00;97.14;-2.09;-44.47;11.8;-6.511;-5.377;24.405;-44.029;0.114;-11.894;93.132;-65.979;114.247;"2026-03-28T09:29:44.553+01:00|W1|2.0|1.91|0.08|1.91|0.47;2026-03-28T09:29:44.553+01:00|W2|1.5|1.43|0.05|1.43|0.13;2026-03-28T09:29:44.553+01:00|W3|1.6|1.38|0.02|1.38|0.56;2026-03-28T09:29:44.553+01:00|W4|1.3|0.93|0.01|0.93|0.95;2026-03-28T09:29:44.553+01:00|W5|1.1|1.02|0.01|1.02|0.13;2026-03-28T09:29:44.553+01:00|W6|1.4|1.13|0.08|1.13|0.79;2026-03-28T09:29:44.553+01:00|W7|1.6|1.23|0.08|1.23|1.00;2026-03-28T09:29:44.553+01:00|W8|1.6|0.82|0.15|0.82|1.33;2026-03-28T09:29:44.553+01:00|W9|0.7|0.32|0.19|0.32|0.57;2026-03-28T09:29:44.553+01:00|W10|1.1|0.90|0.06|0.90|0.57;2026-03-28T09:29:44.553+01:00|W11|0.9|0.25|0.06|0.25|0.86;2026-03-28T09:29:44.553+01:00|W12|1.3|0.08|0.06|0.08|1.30"
108.00;3.90;2026-03-28T09:29:44.6508490+01:00;97.94;-2.14;-45.05;11.8;-6.291;-5.252;24.149;-44.894;-0.006;-12.412;93.000;-65.596;113.917;"2026-03-28T09:29:44.553+01:00|W1|2.0|1.91|0.08|1.91|0.47;2026-03-28T09:29:44.553+01:00|W2|1.5|1.43|0.05|1.43|0.13;2026-03-28T09:29:44.553+01:00|W3|1.6|1.38|0.02|1.38|0.56;2026-03-28T09:29:44.553+01:00|W4|1.3|0.93|0.01|0.93|0.95;2026-03-28T09:29:44.553+01:00|W5|1.1|1.02|0.01|1.02|0.13;2026-03-28T09:29:44.553+01:00|W6|1.4|1.13|0.08|1.13|0.79;2026-03-28T09:29:44.553+01:00|W7|1.6|1.23|0.08|1.23|1.00;2026-03-28T09:29:44.553+01:00|W8|1.6|0.82|0.15|0.82|1.33;2026-03-28T09:29:44.553+01:00|W9|0.7|0.32|0.19|0.32|0.57;2026-03-28T09:29:44.553+01:00|W10|1.1|0.90|0.06|0.90|0.57;2026-03-28T09:29:44.553+01:00|W11|0.9|0.25|0.06|0.25|0.86;2026-03-28T09:29:44.553+01:00|W12|1.3|0.08|0.06|0.08|1.30"
109.00;3.90;2026-03-28T09:29:44.6815230+01:00;98.74;-2.18;-45.62;12.1;-6.141;-5.146;23.693;-45.608;-0.058;-12.954;92.916;-65.447;113.760;"2026-03-28T09:29:44.803+01:00|W1|2.0|1.89|0.04|1.89|0.42;2026-03-28T09:29:44.803+01:00|W2|1.5|1.42|0.03|1.42|0.11;2026-03-28T09:29:44.803+01:00|W3|1.6|1.42|0.01|1.42|0.55;2026-03-28T09:29:44.803+01:00|W4|1.3|0.90|0.01|0.90|0.95;2026-03-28T09:29:44.803+01:00|W5|1.1|1.07|0.03|1.07|0.11;2026-03-28T09:29:44.803+01:00|W6|1.4|1.10|0.07|1.10|0.88;2026-03-28T09:29:44.803+01:00|W7|1.6|1.22|0.07|1.22|1.00;2026-03-28T09:29:44.803+01:00|W8|1.6|0.83|0.13|0.83|1.31;2026-03-28T09:29:44.803+01:00|W9|0.8|0.33|0.11|0.33|0.65;2026-03-28T09:29:44.803+01:00|W10|1.1|0.86|0.14|0.86|0.69;2026-03-28T09:29:44.803+01:00|W11|0.9|0.27|0.04|0.27|0.79;2026-03-28T09:29:44.803+01:00|W12|1.2|0.11|0.13|0.11|1.22"
110.00;3.91;2026-03-28T09:29:44.7132220+01:00;99.55;-2.21;-46.19;13.4;-6.203;-5.036;22.631;-46.345;0.091;-13.513;93.026;-66.244;114.305;"2026-03-28T09:29:44.803+01:00|W1|2.0|1.89|0.04|1.89|0.42;2026-03-28T09:29:44.803+01:00|W2|1.5|1.42|0.03|1.42|0.11;2026-03-28T09:29:44.803+01:00|W3|1.6|1.42|0.01|1.42|0.55;2026-03-28T09:29:44.803+01:00|W4|1.3|0.90|0.01|0.90|0.95;2026-03-28T09:29:44.803+01:00|W5|1.1|1.07|0.03|1.07|0.11;2026-03-28T09:29:44.803+01:00|W6|1.4|1.10|0.07|1.10|0.88;2026-03-28T09:29:44.803+01:00|W7|1.6|1.22|0.07|1.22|1.00;2026-03-28T09:29:44.803+01:00|W8|1.6|0.83|0.13|0.83|1.31;2026-03-28T09:29:44.803+01:00|W9|0.8|0.33|0.11|0.33|0.65;2026-03-28T09:29:44.803+01:00|W10|1.1|0.86|0.14|0.86|0.69;2026-03-28T09:29:44.803+01:00|W11|0.9|0.27|0.04|0.27|0.79;2026-03-28T09:29:44.803+01:00|W12|1.2|0.11|0.13|0.11|1.22"
111.00;3.92;2026-03-28T09:29:44.7446421+01:00;100.36;-2.25;-46.77;14.4;-6.318;-5.121;23.115;-46.989;0.289;-14.155;93.083;-66.774;114.652;"2026-03-28T09:29:44.803+01:00|W1|2.0|1.89|0.04|1.89|0.42;2026-03-28T09:29:44.803+01:00|W2|1.5|1.42|0.03|1.42|0.11;2026-03-28T09:29:44.803+01:00|W3|1.6|1.42|0.01|1.42|0.55;2026-03-28T09:29:44.803+01:00|W4|1.3|0.90|0.01|0.90|0.95;2026-03-28T09:29:44.803+01:00|W5|1.1|1.07|0.03|1.07|0.11;2026-03-28T09:29:44.803+01:00|W6|1.4|1.10|0.07|1.10|0.88;2026-03-28T09:29:44.803+01:00|W7|1.6|1.22|0.07|1.22|1.00;2026-03-28T09:29:44.803+01:00|W8|1.6|0.83|0.13|0.83|1.31;2026-03-28T09:29:44.803+01:00|W9|0.8|0.33|0.11|0.33|0.65;2026-03-28T09:29:44.803+01:00|W10|1.1|0.86|0.14|0.86|0.69;2026-03-28T09:29:44.803+01:00|W11|0.9|0.27|0.04|0.27|0.79;2026-03-28T09:29:44.803+01:00|W12|1.2|0.11|0.13|0.11|1.22"
112.00;3.93;2026-03-28T09:29:44.7759042+01:00;101.16;-2.29;-47.34;15.2;-6.470;-5.304;24.274;-47.422;0.511;-14.819;93.117;-67.175;114.906;"2026-03-28T09:29:44.803+01:00|W1|2.0|1.89|0.04|1.89|0.42;2026-03-28T09:29:44.803+01:00|W2|1.5|1.42|0.03|1.42|0.11;2026-03-28T09:29:44.803+01:00|W3|1.6|1.42|0.01|1.42|0.55;2026-03-28T09:29:44.803+01:00|W4|1.3|0.90|0.01|0.90|0.95;2026-03-28T09:29:44.803+01:00|W5|1.1|1.07|0.03|1.07|0.11;2026-03-28T09:29:44.803+01:00|W6|1.4|1.10|0.07|1.10|0.88;2026-03-28T09:29:44.803+01:00|W7|1.6|1.22|0.07|1.22|1.00;2026-03-28T09:29:44.803+01:00|W8|1.6|0.83|0.13|0.83|1.31;2026-03-28T09:29:44.803+01:00|W9|0.8|0.33|0.11|0.33|0.65;2026-03-28T09:29:44.803+01:00|W10|1.1|0.86|0.14|0.86|0.69;2026-03-28T09:29:44.803+01:00|W11|0.9|0.27|0.04|0.27|0.79;2026-03-28T09:29:44.803+01:00|W12|1.2|0.11|0.13|0.11|1.22"
113.00;3.93;2026-03-28T09:29:44.8068926+01:00;101.97;-2.33;-47.93;15.9;-6.762;-5.514;24.422;-45.757;0.714;-15.250;93.181;-67.614;115.212;"2026-03-28T09:29:44.803+01:00|W1|2.0|1.89|0.04|1.89|0.42;2026-03-28T09:29:44.803+01:00|W2|1.5|1.42|0.03|1.42|0.11;2026-03-28T09:29:44.803+01:00|W3|1.6|1.42|0.01|1.42|0.55;2026-03-28T09:29:44.803+01:00|W4|1.3|0.90|0.01|0.90|0.95;2026-03-28T09:29:44.803+01:00|W5|1.1|1.07|0.03|1.07|0.11;2026-03-28T09:29:44.803+01:00|W6|1.4|1.10|0.07|1.10|0.88;2026-03-28T09:29:44.803+01:00|W7|1.6|1.22|0.07|1.22|1.00;2026-03-28T09:29:44.803+01:00|W8|1.6|0.83|0.13|0.83|1.31;2026-03-28T09:29:44.803+01:00|W9|0.8|0.33|0.11|0.33|0.65;2026-03-28T09:29:44.803+01:00|W10|1.1|0.86|0.14|0.86|0.69;2026-03-28T09:29:44.803+01:00|W11|0.9|0.27|0.04|0.27|0.79;2026-03-28T09:29:44.803+01:00|W12|1.2|0.11|0.13|0.11|1.22"
114.00;3.93;2026-03-28T09:29:44.8377842+01:00;102.77;-2.37;-48.51;16.3;-7.167;-5.748;24.539;-44.346;0.927;-15.502;93.253;-68.014;115.500;"2026-03-28T09:29:44.803+01:00|W1|2.0|1.89|0.04|1.89|0.42;2026-03-28T09:29:44.803+01:00|W2|1.5|1.42|0.03|1.42|0.11;2026-03-28T09:29:44.803+01:00|W3|1.6|1.42|0.01|1.42|0.55;2026-03-28T09:29:44.803+01:00|W4|1.3|0.90|0.01|0.90|0.95;2026-03-28T09:29:44.803+01:00|W5|1.1|1.07|0.03|1.07|0.11;2026-03-28T09:29:44.803+01:00|W6|1.4|1.10|0.07|1.10|0.88;2026-03-28T09:29:44.803+01:00|W7|1.6|1.22|0.07|1.22|1.00;2026-03-28T09:29:44.803+01:00|W8|1.6|0.83|0.13|0.83|1.31;2026-03-28T09:29:44.803+01:00|W9|0.8|0.33|0.11|0.33|0.65;2026-03-28T09:29:44.803+01:00|W10|1.1|0.86|0.14|0.86|0.69;2026-03-28T09:29:44.803+01:00|W11|0.9|0.27|0.04|0.27|0.79;2026-03-28T09:29:44.803+01:00|W12|1.2|0.11|0.13|0.11|1.22"
115.00;3.92;2026-03-28T09:29:44.8685620+01:00;103.57;-2.41;-49.10;16.6;-7.705;-6.010;24.619;-43.234;1.151;-15.546;93.334;-68.367;115.767;"2026-03-28T09:29:44.803+01:00|W1|2.0|1.89|0.04|1.89|0.42;2026-03-28T09:29:44.803+01:00|W2|1.5|1.42|0.03|1.42|0.11;2026-03-28T09:29:44.803+01:00|W3|1.6|1.42|0.01|1.42|0.55;2026-03-28T09:29:44.803+01:00|W4|1.3|0.90|0.01|0.90|0.95;2026-03-28T09:29:44.803+01:00|W5|1.1|1.07|0.03|1.07|0.11;2026-03-28T09:29:44.803+01:00|W6|1.4|1.10|0.07|1.10|0.88;2026-03-28T09:29:44.803+01:00|W7|1.6|1.22|0.07|1.22|1.00;2026-03-28T09:29:44.803+01:00|W8|1.6|0.83|0.13|0.83|1.31;2026-03-28T09:29:44.803+01:00|W9|0.8|0.33|0.11|0.33|0.65;2026-03-28T09:29:44.803+01:00|W10|1.1|0.86|0.14|0.86|0.69;2026-03-28T09:29:44.803+01:00|W11|0.9|0.27|0.04|0.27|0.79;2026-03-28T09:29:44.803+01:00|W12|1.2|0.11|0.13|0.11|1.22"
116.00;3.92;2026-03-28T09:29:44.8994180+01:00;104.37;-2.44;-49.68;16.8;-8.244;-6.272;24.700;-42.119;1.377;-15.590;93.415;-68.721;116.036;"2026-03-28T09:29:44.803+01:00|W1|2.0|1.89|0.04|1.89|0.42;2026-03-28T09:29:44.803+01:00|W2|1.5|1.42|0.03|1.42|0.11;2026-03-28T09:29:44.803+01:00|W3|1.6|1.42|0.01|1.42|0.55;2026-03-28T09:29:44.803+01:00|W4|1.3|0.90|0.01|0.90|0.95;2026-03-28T09:29:44.803+01:00|W5|1.1|1.07|0.03|1.07|0.11;2026-03-28T09:29:44.803+01:00|W6|1.4|1.10|0.07|1.10|0.88;2026-03-28T09:29:44.803+01:00|W7|1.6|1.22|0.07|1.22|1.00;2026-03-28T09:29:44.803+01:00|W8|1.6|0.83|0.13|0.83|1.31;2026-03-28T09:29:44.803+01:00|W9|0.8|0.33|0.11|0.33|0.65;2026-03-28T09:29:44.803+01:00|W10|1.1|0.86|0.14|0.86|0.69;2026-03-28T09:29:44.803+01:00|W11|0.9|0.27|0.04|0.27|0.79;2026-03-28T09:29:44.803+01:00|W12|1.2|0.11|0.13|0.11|1.22"
117.00;3.92;2026-03-28T09:29:44.9302524+01:00;105.17;-2.48;-50.27;17.0;-8.762;-6.511;24.794;-40.755;1.594;-15.570;93.504;-69.071;116.312;"2026-03-28T09:29:45.051+01:00|W1|2.0|1.89|0.04|1.89|0.42;2026-03-28T09:29:45.051+01:00|W2|1.5|1.42|0.03|1.42|0.11;2026-03-28T09:29:45.051+01:00|W3|1.6|1.42|0.01|1.42|0.55;2026-03-28T09:29:45.051+01:00|W4|1.3|0.90|0.01|0.90|0.95;2026-03-28T09:29:45.051+01:00|W5|1.1|1.07|0.03|1.07|0.11;2026-03-28T09:29:45.051+01:00|W6|1.4|1.10|0.07|1.10|0.88;2026-03-28T09:29:45.051+01:00|W7|1.6|1.22|0.07|1.22|1.00;2026-03-28T09:29:45.051+01:00|W8|1.6|0.83|0.13|0.83|1.31;2026-03-28T09:29:45.051+01:00|W9|0.8|0.33|0.11|0.33|0.65;2026-03-28T09:29:45.051+01:00|W10|1.1|0.77|0.06|0.77|0.64;2026-03-28T09:29:45.051+01:00|W11|0.9|0.27|0.04|0.27|0.79;2026-03-28T09:29:45.051+01:00|W12|1.2|0.11|0.13|0.11|1.22"
118.00;3.91;2026-03-28T09:29:44.9609525+01:00;105.96;-2.51;-50.86;16.9;-9.205;-6.664;24.940;-38.484;1.784;-15.318;93.623;-69.406;116.610;"2026-03-28T09:29:45.051+01:00|W1|2.0|1.89|0.04|1.89|0.42;2026-03-28T09:29:45.051+01:00|W2|1.5|1.42|0.03|1.42|0.11;2026-03-28T09:29:45.051+01:00|W3|1.6|1.42|0.01|1.42|0.55;2026-03-28T09:29:45.051+01:00|W4|1.3|0.90|0.01|0.90|0.95;2026-03-28T09:29:45.051+01:00|W5|1.1|1.07|0.03|1.07|0.11;2026-03-28T09:29:45.051+01:00|W6|1.4|1.10|0.07|1.10|0.88;2026-03-28T09:29:45.051+01:00|W7|1.6|1.22|0.07|1.22|1.00;2026-03-28T09:29:45.051+01:00|W8|1.6|0.83|0.13|0.83|1.31;2026-03-28T09:29:45.051+01:00|W9|0.8|0.33|0.11|0.33|0.65;2026-03-28T09:29:45.051+01:00|W10|1.1|0.77|0.06|0.77|0.64;2026-03-28T09:29:45.051+01:00|W11|0.9|0.27|0.04|0.27|0.79;2026-03-28T09:29:45.051+01:00|W12|1.2|0.11|0.13|0.11|1.22"
119.00;3.90;2026-03-28T09:29:44.9915890+01:00;106.76;-2.54;-51.45;16.7;-9.557;-6.756;24.504;-37.138;1.923;-14.984;93.774;-69.676;116.890;"2026-03-28T09:29:45.051+01:00|W1|2.0|1.89|0.04|1.89|0.42;2026-03-28T09:29:45.051+01:00|W2|1.5|1.42|0.03|1.42|0.11;2026-03-28T09:29:45.051+01:00|W3|1.6|1.42|0.01|1.42|0.55;2026-03-28T09:29:45.051+01:00|W4|1.3|0.90|0.01|0.90|0.95;2026-03-28T09:29:45.051+01:00|W5|1.1|1.07|0.03|1.07|0.11;2026-03-28T09:29:45.051+01:00|W6|1.4|1.10|0.07|1.10|0.88;2026-03-28T09:29:45.051+01:00|W7|1.6|1.22|0.07|1.22|1.00;2026-03-28T09:29:45.051+01:00|W8|1.6|0.83|0.13|0.83|1.31;2026-03-28T09:29:45.051+01:00|W9|0.8|0.33|0.11|0.33|0.65;2026-03-28T09:29:45.051+01:00|W10|1.1|0.77|0.06|0.77|0.64;2026-03-28T09:29:45.051+01:00|W11|0.9|0.27|0.04|0.27|0.79;2026-03-28T09:29:45.051+01:00|W12|1.2|0.11|0.13|0.11|1.22"
120.00;3.89;2026-03-28T09:29:45.0221807+01:00;107.55;-2.57;-52.05;16.4;-9.843;-6.804;23.660;-36.442;2.026;-14.594;93.948;-69.901;117.157;"2026-03-28T09:29:45.051+01:00|W1|2.0|1.89|0.04|1.89|0.42;2026-03-28T09:29:45.051+01:00|W2|1.5|1.42|0.03|1.42|0.11;2026-03-28T09:29:45.051+01:00|W3|1.6|1.42|0.01|1.42|0.55;2026-03-28T09:29:45.051+01:00|W4|1.3|0.90|0.01|0.90|0.95;2026-03-28T09:29:45.051+01:00|W5|1.1|1.07|0.03|1.07|0.11;2026-03-28T09:29:45.051+01:00|W6|1.4|1.10|0.07|1.10|0.88;2026-03-28T09:29:45.051+01:00|W7|1.6|1.22|0.07|1.22|1.00;2026-03-28T09:29:45.051+01:00|W8|1.6|0.83|0.13|0.83|1.31;2026-03-28T09:29:45.051+01:00|W9|0.8|0.33|0.11|0.33|0.65;2026-03-28T09:29:45.051+01:00|W10|1.1|0.77|0.06|0.77|0.64;2026-03-28T09:29:45.051+01:00|W11|0.9|0.27|0.04|0.27|0.79;2026-03-28T09:29:45.051+01:00|W12|1.2|0.11|0.13|0.11|1.22"
121.00;3.88;2026-03-28T09:29:45.0534162+01:00;108.37;-2.60;-52.65;15.9;-9.742;-6.826;23.855;-35.643;1.929;-14.157;94.002;-70.033;117.280;"2026-03-28T09:29:45.051+01:00|W1|2.0|1.89|0.04|1.89|0.42;2026-03-28T09:29:45.051+01:00|W2|1.5|1.42|0.03|1.42|0.11;2026-03-28T09:29:45.051+01:00|W3|1.6|1.42|0.01|1.42|0.55;2026-03-28T09:29:45.051+01:00|W4|1.3|0.90|0.01|0.90|0.95;2026-03-28T09:29:45.051+01:00|W5|1.1|1.07|0.03|1.07|0.11;2026-03-28T09:29:45.051+01:00|W6|1.4|1.10|0.07|1.10|0.88;2026-03-28T09:29:45.051+01:00|W7|1.6|1.22|0.07|1.22|1.00;2026-03-28T09:29:45.051+01:00|W8|1.6|0.83|0.13|0.83|1.31;2026-03-28T09:29:45.051+01:00|W9|0.8|0.33|0.11|0.33|0.65;2026-03-28T09:29:45.051+01:00|W10|1.1|0.77|0.06|0.77|0.64;2026-03-28T09:29:45.051+01:00|W11|0.9|0.27|0.04|0.27|0.79;2026-03-28T09:29:45.051+01:00|W12|1.2|0.11|0.13|0.11|1.22"
122.00;3.87;2026-03-28T09:29:45.0846831+01:00;109.19;-2.64;-53.26;15.4;-9.622;-6.847;24.103;-34.838;1.822;-13.718;94.050;-70.161;117.396;"2026-03-28T09:29:45.051+01:00|W1|2.0|1.89|0.04|1.89|0.42;2026-03-28T09:29:45.051+01:00|W2|1.5|1.42|0.03|1.42|0.11;2026-03-28T09:29:45.051+01:00|W3|1.6|1.42|0.01|1.42|0.55;2026-03-28T09:29:45.051+01:00|W4|1.3|0.90|0.01|0.90|0.95;2026-03-28T09:29:45.051+01:00|W5|1.1|1.07|0.03|1.07|0.11;2026-03-28T09:29:45.051+01:00|W6|1.4|1.10|0.07|1.10|0.88;2026-03-28T09:29:45.051+01:00|W7|1.6|1.22|0.07|1.22|1.00;2026-03-28T09:29:45.051+01:00|W8|1.6|0.83|0.13|0.83|1.31;2026-03-28T09:29:45.051+01:00|W9|0.8|0.33|0.11|0.33|0.65;2026-03-28T09:29:45.051+01:00|W10|1.1|0.77|0.06|0.77|0.64;2026-03-28T09:29:45.051+01:00|W11|0.9|0.27|0.04|0.27|0.79;2026-03-28T09:29:45.051+01:00|W12|1.2|0.11|0.13|0.11|1.22"
123.00;3.87;2026-03-28T09:29:45.1159488+01:00;110.00;-2.67;-53.87;14.8;-9.501;-6.868;24.350;-34.033;1.715;-13.279;94.098;-70.289;117.513;"2026-03-28T09:29:45.051+01:00|W1|2.0|1.89|0.04|1.89|0.42;2026-03-28T09:29:45.051+01:00|W2|1.5|1.42|0.03|1.42|0.11;2026-03-28T09:29:45.051+01:00|W3|1.6|1.42|0.01|1.42|0.55;2026-03-28T09:29:45.051+01:00|W4|1.3|0.90|0.01|0.90|0.95;2026-03-28T09:29:45.051+01:00|W5|1.1|1.07|0.03|1.07|0.11;2026-03-28T09:29:45.051+01:00|W6|1.4|1.10|0.07|1.10|0.88;2026-03-28T09:29:45.051+01:00|W7|1.6|1.22|0.07|1.22|1.00;2026-03-28T09:29:45.051+01:00|W8|1.6|0.83|0.13|0.83|1.31;2026-03-28T09:29:45.051+01:00|W9|0.8|0.33|0.11|0.33|0.65;2026-03-28T09:29:45.051+01:00|W10|1.1|0.77|0.06|0.77|0.64;2026-03-28T09:29:45.051+01:00|W11|0.9|0.27|0.04|0.27|0.79;2026-03-28T09:29:45.051+01:00|W12|1.2|0.11|0.13|0.11|1.22"
124.00;3.86;2026-03-28T09:29:45.1471268+01:00;110.82;-2.70;-54.48;14.2;-9.129;-6.860;23.951;-34.003;1.446;-12.917;94.201;-70.577;117.766;"2026-03-28T09:29:45.051+01:00|W1|2.0|1.89|0.04|1.89|0.42;2026-03-28T09:29:45.051+01:00|W2|1.5|1.42|0.03|1.42|0.11;2026-03-28T09:29:45.051+01:00|W3|1.6|1.42|0.01|1.42|0.55;2026-03-28T09:29:45.051+01:00|W4|1.3|0.90|0.01|0.90|0.95;2026-03-28T09:29:45.051+01:00|W5|1.1|1.07|0.03|1.07|0.11;2026-03-28T09:29:45.051+01:00|W6|1.4|1.10|0.07|1.10|0.88;2026-03-28T09:29:45.051+01:00|W7|1.6|1.22|0.07|1.22|1.00;2026-03-28T09:29:45.051+01:00|W8|1.6|0.83|0.13|0.83|1.31;2026-03-28T09:29:45.051+01:00|W9|0.8|0.33|0.11|0.33|0.65;2026-03-28T09:29:45.051+01:00|W10|1.1|0.77|0.06|0.77|0.64;2026-03-28T09:29:45.051+01:00|W11|0.9|0.27|0.04|0.27|0.79;2026-03-28T09:29:45.051+01:00|W12|1.2|0.11|0.13|0.11|1.22"
125.00;3.85;2026-03-28T09:29:45.1781793+01:00;111.63;-2.74;-55.09;13.6;-8.644;-6.832;23.555;-33.984;1.126;-12.594;94.307;-70.879;118.028;"2026-03-28T09:29:45.302+01:00|W1|1.9|1.89|0.01|1.89|0.33;2026-03-28T09:29:45.302+01:00|W2|1.4|1.38|0.02|1.38|0.15;2026-03-28T09:29:45.302+01:00|W3|1.7|1.48|0.05|1.48|0.59;2026-03-28T09:29:45.302+01:00|W4|1.3|0.89|0.03|0.89|0.94;2026-03-28T09:29:45.302+01:00|W5|1.1|1.10|0.05|1.10|0.16;2026-03-28T09:29:45.302+01:00|W6|1.5|1.16|0.15|1.16|0.96;2026-03-28T09:29:45.302+01:00|W7|1.6|1.22|0.06|1.22|1.00;2026-03-28T09:29:45.302+01:00|W8|1.5|0.81|0.07|0.81|1.27;2026-03-28T09:29:45.302+01:00|W9|0.7|0.35|0.16|0.35|0.59;2026-03-28T09:29:45.302+01:00|W10|1.1|0.65|0.08|0.65|0.71;2026-03-28T09:29:45.302+01:00|W11|0.9|0.27|0.04|0.27|0.79;2026-03-28T09:29:45.302+01:00|W12|1.3|0.02|0.06|0.02|1.28"
126.00;3.84;2026-03-28T09:29:45.2086779+01:00;112.43;-2.76;-55.69;13.1;-7.983;-6.740;24.384;-32.595;0.823;-12.359;94.326;-70.960;118.089;"2026-03-28T09:29:45.302+01:00|W1|1.9|1.89|0.01|1.89|0.33;2026-03-28T09:29:45.302+01:00|W2|1.4|1.38|0.02|1.38|0.15;2026-03-28T09:29:45.302+01:00|W3|1.7|1.48|0.05|1.48|0.59;2026-03-28T09:29:45.302+01:00|W4|1.3|0.89|0.03|0.89|0.94;2026-03-28T09:29:45.302+01:00|W5|1.1|1.10|0.05|1.10|0.16;2026-03-28T09:29:45.302+01:00|W6|1.5|1.16|0.15|1.16|0.96;2026-03-28T09:29:45.302+01:00|W7|1.6|1.22|0.06|1.22|1.00;2026-03-28T09:29:45.302+01:00|W8|1.5|0.81|0.07|0.81|1.27;2026-03-28T09:29:45.302+01:00|W9|0.7|0.35|0.16|0.35|0.59;2026-03-28T09:29:45.302+01:00|W10|1.1|0.65|0.08|0.65|0.71;2026-03-28T09:29:45.302+01:00|W11|0.9|0.27|0.04|0.27|0.79;2026-03-28T09:29:45.302+01:00|W12|1.3|0.02|0.06|0.02|1.28"
127.00;3.83;2026-03-28T09:29:45.2391077+01:00;113.23;-2.79;-56.29;12.7;-7.298;-6.516;25.041;-31.623;0.653;-12.119;94.332;-71.018;118.128;"2026-03-28T09:29:45.302+01:00|W1|1.9|1.89|0.01|1.89|0.33;2026-03-28T09:29:45.302+01:00|W2|1.4|1.38|0.02|1.38|0.15;2026-03-28T09:29:45.302+01:00|W3|1.7|1.48|0.05|1.48|0.59;2026-03-28T09:29:45.302+01:00|W4|1.3|0.89|0.03|0.89|0.94;2026-03-28T09:29:45.302+01:00|W5|1.1|1.10|0.05|1.10|0.16;2026-03-28T09:29:45.302+01:00|W6|1.5|1.16|0.15|1.16|0.96;2026-03-28T09:29:45.302+01:00|W7|1.6|1.22|0.06|1.22|1.00;2026-03-28T09:29:45.302+01:00|W8|1.5|0.81|0.07|0.81|1.27;2026-03-28T09:29:45.302+01:00|W9|0.7|0.35|0.16|0.35|0.59;2026-03-28T09:29:45.302+01:00|W10|1.1|0.65|0.08|0.65|0.71;2026-03-28T09:29:45.302+01:00|W11|0.9|0.27|0.04|0.27|0.79;2026-03-28T09:29:45.302+01:00|W12|1.3|0.02|0.06|0.02|1.28"
128.00;3.81;2026-03-28T09:29:45.2694713+01:00;114.02;-2.83;-56.89;12.4;-6.590;-6.163;25.534;-31.053;0.609;-11.875;94.324;-71.055;118.145;"2026-03-28T09:29:45.302+01:00|W1|1.9|1.89|0.01|1.89|0.33;2026-03-28T09:29:45.302+01:00|W2|1.4|1.38|0.02|1.38|0.15;2026-03-28T09:29:45.302+01:00|W3|1.7|1.48|0.05|1.48|0.59;2026-03-28T09:29:45.302+01:00|W4|1.3|0.89|0.03|0.89|0.94;2026-03-28T09:29:45.302+01:00|W5|1.1|1.10|0.05|1.10|0.16;2026-03-28T09:29:45.302+01:00|W6|1.5|1.16|0.15|1.16|0.96;2026-03-28T09:29:45.302+01:00|W7|1.6|1.22|0.06|1.22|1.00;2026-03-28T09:29:45.302+01:00|W8|1.5|0.81|0.07|0.81|1.27;2026-03-28T09:29:45.302+01:00|W9|0.7|0.35|0.16|0.35|0.59;2026-03-28T09:29:45.302+01:00|W10|1.1|0.65|0.08|0.65|0.71;2026-03-28T09:29:45.302+01:00|W11|0.9|0.27|0.04|0.27|0.79;2026-03-28T09:29:45.302+01:00|W12|1.3|0.02|0.06|0.02|1.28"
129.00;3.80;2026-03-28T09:29:45.2998293+01:00;114.82;-2.86;-57.49;12.1;-5.882;-5.811;26.026;-30.483;0.566;-11.631;94.316;-71.092;118.163;"2026-03-28T09:29:45.302+01:00|W1|1.9|1.89|0.01|1.89|0.33;2026-03-28T09:29:45.302+01:00|W2|1.4|1.38|0.02|1.38|0.15;2026-03-28T09:29:45.302+01:00|W3|1.7|1.48|0.05|1.48|0.59;2026-03-28T09:29:45.302+01:00|W4|1.3|0.89|0.03|0.89|0.94;2026-03-28T09:29:45.302+01:00|W5|1.1|1.10|0.05|1.10|0.16;2026-03-28T09:29:45.302+01:00|W6|1.5|1.16|0.15|1.16|0.96;2026-03-28T09:29:45.302+01:00|W7|1.6|1.22|0.06|1.22|1.00;2026-03-28T09:29:45.302+01:00|W8|1.5|0.81|0.07|0.81|1.27;2026-03-28T09:29:45.302+01:00|W9|0.7|0.35|0.16|0.35|0.59;2026-03-28T09:29:45.302+01:00|W10|1.1|0.65|0.08|0.65|0.71;2026-03-28T09:29:45.302+01:00|W11|0.9|0.27|0.04|0.27|0.79;2026-03-28T09:29:45.302+01:00|W12|1.3|0.02|0.06|0.02|1.28"
130.00;3.79;2026-03-28T09:29:45.3300350+01:00;115.61;-2.89;-58.09;12.0;-5.176;-5.350;26.597;-29.872;0.572;-11.391;94.290;-71.162;118.186;"2026-03-28T09:29:45.302+01:00|W1|1.9|1.89|0.01|1.89|0.33;2026-03-28T09:29:45.302+01:00|W2|1.4|1.38|0.02|1.38|0.15;2026-03-28T09:29:45.302+01:00|W3|1.7|1.48|0.05|1.48|0.59;2026-03-28T09:29:45.302+01:00|W4|1.3|0.89|0.03|0.89|0.94;2026-03-28T09:29:45.302+01:00|W5|1.1|1.10|0.05|1.10|0.16;2026-03-28T09:29:45.302+01:00|W6|1.5|1.16|0.15|1.16|0.96;2026-03-28T09:29:45.302+01:00|W7|1.6|1.22|0.06|1.22|1.00;2026-03-28T09:29:45.302+01:00|W8|1.5|0.81|0.07|0.81|1.27;2026-03-28T09:29:45.302+01:00|W9|0.7|0.35|0.16|0.35|0.59;2026-03-28T09:29:45.302+01:00|W10|1.1|0.65|0.08|0.65|0.71;2026-03-28T09:29:45.302+01:00|W11|0.9|0.27|0.04|0.27|0.79;2026-03-28T09:29:45.302+01:00|W12|1.3|0.02|0.06|0.02|1.28"
131.00;3.79;2026-03-28T09:29:45.3596906+01:00;116.39;-2.92;-58.67;12.1;-4.477;-4.492;27.453;-29.108;0.755;-11.164;94.197;-71.355;118.230;"2026-03-28T09:29:45.302+01:00|W1|1.9|1.89|0.01|1.89|0.33;2026-03-28T09:29:45.302+01:00|W2|1.4|1.38|0.02|1.38|0.15;2026-03-28T09:29:45.302+01:00|W3|1.7|1.48|0.05|1.48|0.59;2026-03-28T09:29:45.302+01:00|W4|1.3|0.89|0.03|0.89|0.94;2026-03-28T09:29:45.302+01:00|W5|1.1|1.10|0.05|1.10|0.16;2026-03-28T09:29:45.302+01:00|W6|1.5|1.16|0.15|1.16|0.96;2026-03-28T09:29:45.302+01:00|W7|1.6|1.22|0.06|1.22|1.00;2026-03-28T09:29:45.302+01:00|W8|1.5|0.81|0.07|0.81|1.27;2026-03-28T09:29:45.302+01:00|W9|0.7|0.35|0.16|0.35|0.59;2026-03-28T09:29:45.302+01:00|W10|1.1|0.65|0.08|0.65|0.71;2026-03-28T09:29:45.302+01:00|W11|0.9|0.27|0.04|0.27|0.79;2026-03-28T09:29:45.302+01:00|W12|1.3|0.02|0.06|0.02|1.28"
132.00;3.78;2026-03-28T09:29:45.3893455+01:00;117.17;-2.94;-59.26;12.0;-3.947;-3.635;28.385;-28.345;1.033;-10.938;94.250;-71.306;118.241;"2026-03-28T09:29:45.302+01:00|W1|1.9|1.89|0.01|1.89|0.33;2026-03-28T09:29:45.302+01:00|W2|1.4|1.38|0.02|1.38|0.15;2026-03-28T09:29:45.302+01:00|W3|1.7|1.48|0.05|1.48|0.59;2026-03-28T09:29:45.302+01:00|W4|1.3|0.89|0.03|0.89|0.94;2026-03-28T09:29:45.302+01:00|W5|1.1|1.10|0.05|1.10|0.16;2026-03-28T09:29:45.302+01:00|W6|1.5|1.16|0.15|1.16|0.96;2026-03-28T09:29:45.302+01:00|W7|1.6|1.22|0.06|1.22|1.00;2026-03-28T09:29:45.302+01:00|W8|1.5|0.81|0.07|0.81|1.27;2026-03-28T09:29:45.302+01:00|W9|0.7|0.35|0.16|0.35|0.59;2026-03-28T09:29:45.302+01:00|W10|1.1|0.65|0.08|0.65|0.71;2026-03-28T09:29:45.302+01:00|W11|0.9|0.27|0.04|0.27|0.79;2026-03-28T09:29:45.302+01:00|W12|1.3|0.02|0.06|0.02|1.28"
133.00;3.75;2026-03-28T09:29:45.4189996+01:00;117.94;-2.96;-59.86;11.6;-3.566;-2.778;29.384;-27.582;1.396;-10.712;94.433;-71.040;118.222;"2026-03-28T09:29:45.302+01:00|W1|1.9|1.89|0.01|1.89|0.33;2026-03-28T09:29:45.302+01:00|W2|1.4|1.38|0.02|1.38|0.15;2026-03-28T09:29:45.302+01:00|W3|1.7|1.48|0.05|1.48|0.59;2026-03-28T09:29:45.302+01:00|W4|1.3|0.89|0.03|0.89|0.94;2026-03-28T09:29:45.302+01:00|W5|1.1|1.10|0.05|1.10|0.16;2026-03-28T09:29:45.302+01:00|W6|1.5|1.16|0.15|1.16|0.96;2026-03-28T09:29:45.302+01:00|W7|1.6|1.22|0.06|1.22|1.00;2026-03-28T09:29:45.302+01:00|W8|1.5|0.81|0.07|0.81|1.27;2026-03-28T09:29:45.302+01:00|W9|0.7|0.35|0.16|0.35|0.59;2026-03-28T09:29:45.302+01:00|W10|1.1|0.65|0.08|0.65|0.71;2026-03-28T09:29:45.302+01:00|W11|0.9|0.27|0.04|0.27|0.79;2026-03-28T09:29:45.302+01:00|W12|1.3|0.02|0.06|0.02|1.28"
134.00;3.75;2026-03-28T09:29:45.4486990+01:00;118.72;-2.99;-60.44;11.9;-3.184;-1.926;30.385;-27.518;1.759;-10.653;94.424;-70.923;118.144;"2026-03-28T09:29:45.552+01:00|W1|1.9|1.87|0.04|1.87|0.35;2026-03-28T09:29:45.552+01:00|W2|1.4|1.40|0.04|1.40|0.15;2026-03-28T09:29:45.552+01:00|W3|1.8|1.64|0.13|1.64|0.55;2026-03-28T09:29:45.552+01:00|W4|1.3|0.88|0.02|0.88|0.95;2026-03-28T09:29:45.552+01:00|W5|1.2|1.14|0.12|1.14|0.36;2026-03-28T09:29:45.552+01:00|W6|1.4|1.08|0.01|1.08|0.90;2026-03-28T09:29:45.552+01:00|W7|1.5|1.16|0.13|1.16|0.93;2026-03-28T09:29:45.552+01:00|W8|1.3|0.76|0.11|0.76|1.07;2026-03-28T09:29:45.552+01:00|W9|0.8|0.44|0.06|0.44|0.61;2026-03-28T09:29:45.552+01:00|W10|0.9|0.57|0.06|0.57|0.54;2026-03-28T09:29:45.552+01:00|W11|0.7|0.20|0.26|0.20|0.64;2026-03-28T09:29:45.552+01:00|W12|1.1|-0.17|0.23|-0.17|0.97"
135.00;3.75;2026-03-28T09:29:45.4785244+01:00;119.50;-3.02;-61.03;12.5;-2.801;-1.072;31.390;-27.583;2.124;-10.624;94.379;-70.833;118.055;"2026-03-28T09:29:45.552+01:00|W1|1.9|1.87|0.04|1.87|0.35;2026-03-28T09:29:45.552+01:00|W2|1.4|1.40|0.04|1.40|0.15;2026-03-28T09:29:45.552+01:00|W3|1.8|1.64|0.13|1.64|0.55;2026-03-28T09:29:45.552+01:00|W4|1.3|0.88|0.02|0.88|0.95;2026-03-28T09:29:45.552+01:00|W5|1.2|1.14|0.12|1.14|0.36;2026-03-28T09:29:45.552+01:00|W6|1.4|1.08|0.01|1.08|0.90;2026-03-28T09:29:45.552+01:00|W7|1.5|1.16|0.13|1.16|0.93;2026-03-28T09:29:45.552+01:00|W8|1.3|0.76|0.11|0.76|1.07;2026-03-28T09:29:45.552+01:00|W9|0.8|0.44|0.06|0.44|0.61;2026-03-28T09:29:45.552+01:00|W10|0.9|0.57|0.06|0.57|0.54;2026-03-28T09:29:45.552+01:00|W11|0.7|0.20|0.26|0.20|0.64;2026-03-28T09:29:45.552+01:00|W12|1.1|-0.17|0.23|-0.17|0.97"
136.00;3.75;2026-03-28T09:29:45.5089639+01:00;120.30;-3.06;-61.63;13.0;-2.410;-0.199;32.415;-27.650;2.496;-10.596;94.333;-70.741;117.963;"2026-03-28T09:29:45.552+01:00|W1|1.9|1.87|0.04|1.87|0.35;2026-03-28T09:29:45.552+01:00|W2|1.4|1.40|0.04|1.40|0.15;2026-03-28T09:29:45.552+01:00|W3|1.8|1.64|0.13|1.64|0.55;2026-03-28T09:29:45.552+01:00|W4|1.3|0.88|0.02|0.88|0.95;2026-03-28T09:29:45.552+01:00|W5|1.2|1.14|0.12|1.14|0.36;2026-03-28T09:29:45.552+01:00|W6|1.4|1.08|0.01|1.08|0.90;2026-03-28T09:29:45.552+01:00|W7|1.5|1.16|0.13|1.16|0.93;2026-03-28T09:29:45.552+01:00|W8|1.3|0.76|0.11|0.76|1.07;2026-03-28T09:29:45.552+01:00|W9|0.8|0.44|0.06|0.44|0.61;2026-03-28T09:29:45.552+01:00|W10|0.9|0.57|0.06|0.57|0.54;2026-03-28T09:29:45.552+01:00|W11|0.7|0.20|0.26|0.20|0.64;2026-03-28T09:29:45.552+01:00|W12|1.1|-0.17|0.23|-0.17|0.97"
137.00;3.75;2026-03-28T09:29:45.5394595+01:00;121.10;-3.09;-62.22;13.6;-2.374;0.362;33.361;-28.174;2.944;-10.672;94.333;-70.892;118.054;"2026-03-28T09:29:45.552+01:00|W1|1.9|1.87|0.04|1.87|0.35;2026-03-28T09:29:45.552+01:00|W2|1.4|1.40|0.04|1.40|0.15;2026-03-28T09:29:45.552+01:00|W3|1.8|1.64|0.13|1.64|0.55;2026-03-28T09:29:45.552+01:00|W4|1.3|0.88|0.02|0.88|0.95;2026-03-28T09:29:45.552+01:00|W5|1.2|1.14|0.12|1.14|0.36;2026-03-28T09:29:45.552+01:00|W6|1.4|1.08|0.01|1.08|0.90;2026-03-28T09:29:45.552+01:00|W7|1.5|1.16|0.13|1.16|0.93;2026-03-28T09:29:45.552+01:00|W8|1.3|0.76|0.11|0.76|1.07;2026-03-28T09:29:45.552+01:00|W9|0.8|0.44|0.06|0.44|0.61;2026-03-28T09:29:45.552+01:00|W10|0.9|0.57|0.06|0.57|0.54;2026-03-28T09:29:45.552+01:00|W11|0.7|0.20|0.26|0.20|0.64;2026-03-28T09:29:45.552+01:00|W12|1.1|-0.17|0.23|-0.17|0.97"
138.00;3.74;2026-03-28T09:29:45.5700074+01:00;121.89;-3.12;-62.82;14.3;-2.668;0.635;34.234;-29.124;3.461;-10.847;94.375;-71.270;118.313;"2026-03-28T09:29:45.552+01:00|W1|1.9|1.87|0.04|1.87|0.35;2026-03-28T09:29:45.552+01:00|W2|1.4|1.40|0.04|1.40|0.15;2026-03-28T09:29:45.552+01:00|W3|1.8|1.64|0.13|1.64|0.55;2026-03-28T09:29:45.552+01:00|W4|1.3|0.88|0.02|0.88|0.95;2026-03-28T09:29:45.552+01:00|W5|1.2|1.14|0.12|1.14|0.36;2026-03-28T09:29:45.552+01:00|W6|1.4|1.08|0.01|1.08|0.90;2026-03-28T09:29:45.552+01:00|W7|1.5|1.16|0.13|1.16|0.93;2026-03-28T09:29:45.552+01:00|W8|1.3|0.76|0.11|0.76|1.07;2026-03-28T09:29:45.552+01:00|W9|0.8|0.44|0.06|0.44|0.61;2026-03-28T09:29:45.552+01:00|W10|0.9|0.57|0.06|0.57|0.54;2026-03-28T09:29:45.552+01:00|W11|0.7|0.20|0.26|0.20|0.64;2026-03-28T09:29:45.552+01:00|W12|1.1|-0.17|0.23|-0.17|0.97"
139.00;3.74;2026-03-28T09:29:45.6003269+01:00;122.69;-3.15;-63.43;14.8;-3.408;0.547;33.900;-28.915;3.830;-10.969;94.425;-71.443;118.458;"2026-03-28T09:29:45.552+01:00|W1|1.9|1.87|0.04|1.87|0.35;2026-03-28T09:29:45.552+01:00|W2|1.4|1.40|0.04|1.40|0.15;2026-03-28T09:29:45.552+01:00|W3|1.8|1.64|0.13|1.64|0.55;2026-03-28T09:29:45.552+01:00|W4|1.3|0.88|0.02|0.88|0.95;2026-03-28T09:29:45.552+01:00|W5|1.2|1.14|0.12|1.14|0.36;2026-03-28T09:29:45.552+01:00|W6|1.4|1.08|0.01|1.08|0.90;2026-03-28T09:29:45.552+01:00|W7|1.5|1.16|0.13|1.16|0.93;2026-03-28T09:29:45.552+01:00|W8|1.3|0.76|0.11|0.76|1.07;2026-03-28T09:29:45.552+01:00|W9|0.8|0.44|0.06|0.44|0.61;2026-03-28T09:29:45.552+01:00|W10|0.9|0.57|0.06|0.57|0.54;2026-03-28T09:29:45.552+01:00|W11|0.7|0.20|0.26|0.20|0.64;2026-03-28T09:29:45.552+01:00|W12|1.1|-0.17|0.23|-0.17|0.97"
140.00;3.73;2026-03-28T09:29:45.6306315+01:00;123.49;-3.18;-64.03;15.1;-4.188;0.364;33.287;-28.870;4.070;-11.022;94.479;-71.565;118.573;"2026-03-28T09:29:45.552+01:00|W1|1.9|1.87|0.04|1.87|0.35;2026-03-28T09:29:45.552+01:00|W2|1.4|1.40|0.04|1.40|0.15;2026-03-28T09:29:45.552+01:00|W3|1.8|1.64|0.13|1.64|0.55;2026-03-28T09:29:45.552+01:00|W4|1.3|0.88|0.02|0.88|0.95;2026-03-28T09:29:45.552+01:00|W5|1.2|1.14|0.12|1.14|0.36;2026-03-28T09:29:45.552+01:00|W6|1.4|1.08|0.01|1.08|0.90;2026-03-28T09:29:45.552+01:00|W7|1.5|1.16|0.13|1.16|0.93;2026-03-28T09:29:45.552+01:00|W8|1.3|0.76|0.11|0.76|1.07;2026-03-28T09:29:45.552+01:00|W9|0.8|0.44|0.06|0.44|0.61;2026-03-28T09:29:45.552+01:00|W10|0.9|0.57|0.06|0.57|0.54;2026-03-28T09:29:45.552+01:00|W11|0.7|0.20|0.26|0.20|0.64;2026-03-28T09:29:45.552+01:00|W12|1.1|-0.17|0.23|-0.17|0.97"
141.00;3.72;2026-03-28T09:29:45.6609892+01:00;124.28;-3.20;-64.64;14.8;-4.900;0.021;32.285;-29.893;3.947;-10.870;94.536;-71.607;118.642;"2026-03-28T09:29:45.552+01:00|W1|1.9|1.87|0.04|1.87|0.35;2026-03-28T09:29:45.552+01:00|W2|1.4|1.40|0.04|1.40|0.15;2026-03-28T09:29:45.552+01:00|W3|1.8|1.64|0.13|1.64|0.55;2026-03-28T09:29:45.552+01:00|W4|1.3|0.88|0.02|0.88|0.95;2026-03-28T09:29:45.552+01:00|W5|1.2|1.14|0.12|1.14|0.36;2026-03-28T09:29:45.552+01:00|W6|1.4|1.08|0.01|1.08|0.90;2026-03-28T09:29:45.552+01:00|W7|1.5|1.16|0.13|1.16|0.93;2026-03-28T09:29:45.552+01:00|W8|1.3|0.76|0.11|0.76|1.07;2026-03-28T09:29:45.552+01:00|W9|0.8|0.44|0.06|0.44|0.61;2026-03-28T09:29:45.552+01:00|W10|0.9|0.57|0.06|0.57|0.54;2026-03-28T09:29:45.552+01:00|W11|0.7|0.20|0.26|0.20|0.64;2026-03-28T09:29:45.552+01:00|W12|1.1|-0.17|0.23|-0.17|0.97"
142.00;3.71;2026-03-28T09:29:45.6913490+01:00;125.08;-3.23;-65.24;14.5;-5.612;-0.322;31.282;-30.917;3.825;-10.719;94.594;-71.650;118.712;"2026-03-28T09:29:45.800+01:00|W1|1.9|1.87|0.05|1.87|0.37;2026-03-28T09:29:45.800+01:00|W2|1.4|1.40|0.04|1.40|0.15;2026-03-28T09:29:45.800+01:00|W3|1.8|1.72|0.15|1.72|0.44;2026-03-28T09:29:45.800+01:00|W4|1.3|0.88|0.03|0.88|0.94;2026-03-28T09:29:45.800+01:00|W5|1.2|1.12|0.12|1.12|0.46;2026-03-28T09:29:45.800+01:00|W6|1.4|1.08|0.01|1.08|0.90;2026-03-28T09:29:45.800+01:00|W7|1.5|1.12|0.13|1.12|0.95;2026-03-28T09:29:45.800+01:00|W8|1.3|0.76|0.11|0.76|1.07;2026-03-28T09:29:45.800+01:00|W9|0.8|0.53|0.01|0.53|0.65;2026-03-28T09:29:45.800+01:00|W10|0.8|0.53|0.14|0.53|0.42;2026-03-28T09:29:45.800+01:00|W11|0.7|0.20|0.26|0.20|0.64;2026-03-28T09:29:45.800+01:00|W12|1.1|-0.17|0.23|-0.17|0.97"
143.00;3.71;2026-03-28T09:29:45.7217103+01:00;125.88;-3.26;-65.84;14.2;-6.324;-0.664;30.280;-31.941;3.702;-10.567;94.652;-71.692;118.782;"2026-03-28T09:29:45.800+01:00|W1|1.9|1.87|0.05|1.87|0.37;2026-03-28T09:29:45.800+01:00|W2|1.4|1.40|0.04|1.40|0.15;2026-03-28T09:29:45.800+01:00|W3|1.8|1.72|0.15|1.72|0.44;2026-03-28T09:29:45.800+01:00|W4|1.3|0.88|0.03|0.88|0.94;2026-03-28T09:29:45.800+01:00|W5|1.2|1.12|0.12|1.12|0.46;2026-03-28T09:29:45.800+01:00|W6|1.4|1.08|0.01|1.08|0.90;2026-03-28T09:29:45.800+01:00|W7|1.5|1.12|0.13|1.12|0.95;2026-03-28T09:29:45.800+01:00|W8|1.3|0.76|0.11|0.76|1.07;2026-03-28T09:29:45.800+01:00|W9|0.8|0.53|0.01|0.53|0.65;2026-03-28T09:29:45.800+01:00|W10|0.8|0.53|0.14|0.53|0.42;2026-03-28T09:29:45.800+01:00|W11|0.7|0.20|0.26|0.20|0.64;2026-03-28T09:29:45.800+01:00|W12|1.1|-0.17|0.23|-0.17|0.97"
144.00;3.70;2026-03-28T09:29:45.7520516+01:00;126.68;-3.29;-66.45;13.5;-6.480;-1.009;29.572;-32.246;3.231;-10.333;94.674;-71.831;118.882;"2026-03-28T09:29:45.800+01:00|W1|1.9|1.87|0.05|1.87|0.37;2026-03-28T09:29:45.800+01:00|W2|1.4|1.40|0.04|1.40|0.15;2026-03-28T09:29:45.800+01:00|W3|1.8|1.72|0.15|1.72|0.44;2026-03-28T09:29:45.800+01:00|W4|1.3|0.88|0.03|0.88|0.94;2026-03-28T09:29:45.800+01:00|W5|1.2|1.12|0.12|1.12|0.46;2026-03-28T09:29:45.800+01:00|W6|1.4|1.08|0.01|1.08|0.90;2026-03-28T09:29:45.800+01:00|W7|1.5|1.12|0.13|1.12|0.95;2026-03-28T09:29:45.800+01:00|W8|1.3|0.76|0.11|0.76|1.07;2026-03-28T09:29:45.800+01:00|W9|0.8|0.53|0.01|0.53|0.65;2026-03-28T09:29:45.800+01:00|W10|0.8|0.53|0.14|0.53|0.42;2026-03-28T09:29:45.800+01:00|W11|0.7|0.20|0.26|0.20|0.64;2026-03-28T09:29:45.800+01:00|W12|1.1|-0.17|0.23|-0.17|0.97"
145.00;3.69;2026-03-28T09:29:45.7825737+01:00;127.48;-3.32;-67.06;12.8;-6.506;-1.351;28.695;-32.093;2.696;-10.139;94.699;-71.939;118.967;"2026-03-28T09:29:45.800+01:00|W1|1.9|1.87|0.05|1.87|0.37;2026-03-28T09:29:45.800+01:00|W2|1.4|1.40|0.04|1.40|0.15;2026-03-28T09:29:45.800+01:00|W3|1.8|1.72|0.15|1.72|0.44;2026-03-28T09:29:45.800+01:00|W4|1.3|0.88|0.03|0.88|0.94;2026-03-28T09:29:45.800+01:00|W5|1.2|1.12|0.12|1.12|0.46;2026-03-28T09:29:45.800+01:00|W6|1.4|1.08|0.01|1.08|0.90;2026-03-28T09:29:45.800+01:00|W7|1.5|1.12|0.13|1.12|0.95;2026-03-28T09:29:45.800+01:00|W8|1.3|0.76|0.11|0.76|1.07;2026-03-28T09:29:45.800+01:00|W9|0.8|0.53|0.01|0.53|0.65;2026-03-28T09:29:45.800+01:00|W10|0.8|0.53|0.14|0.53|0.42;2026-03-28T09:29:45.800+01:00|W11|0.7|0.20|0.26|0.20|0.64;2026-03-28T09:29:45.800+01:00|W12|1.1|-0.17|0.23|-0.17|0.97"
146.00;3.69;2026-03-28T09:29:45.8135447+01:00;128.29;-3.34;-67.68;12.1;-6.305;-1.688;27.352;-30.930;2.066;-10.056;94.742;-71.955;119.010;"2026-03-28T09:29:45.800+01:00|W1|1.9|1.87|0.05|1.87|0.37;2026-03-28T09:29:45.800+01:00|W2|1.4|1.40|0.04|1.40|0.15;2026-03-28T09:29:45.800+01:00|W3|1.8|1.72|0.15|1.72|0.44;2026-03-28T09:29:45.800+01:00|W4|1.3|0.88|0.03|0.88|0.94;2026-03-28T09:29:45.800+01:00|W5|1.2|1.12|0.12|1.12|0.46;2026-03-28T09:29:45.800+01:00|W6|1.4|1.08|0.01|1.08|0.90;2026-03-28T09:29:45.800+01:00|W7|1.5|1.12|0.13|1.12|0.95;2026-03-28T09:29:45.800+01:00|W8|1.3|0.76|0.11|0.76|1.07;2026-03-28T09:29:45.800+01:00|W9|0.8|0.53|0.01|0.53|0.65;2026-03-28T09:29:45.800+01:00|W10|0.8|0.53|0.14|0.53|0.42;2026-03-28T09:29:45.800+01:00|W11|0.7|0.20|0.26|0.20|0.64;2026-03-28T09:29:45.800+01:00|W12|1.1|-0.17|0.23|-0.17|0.97"
147.00;3.68;2026-03-28T09:29:45.8446108+01:00;129.11;-3.37;-68.30;11.7;-5.886;-2.058;26.184;-30.991;1.423;-10.348;94.723;-71.917;118.972;"2026-03-28T09:29:45.800+01:00|W1|1.9|1.87|0.05|1.87|0.37;2026-03-28T09:29:45.800+01:00|W2|1.4|1.40|0.04|1.40|0.15;2026-03-28T09:29:45.800+01:00|W3|1.8|1.72|0.15|1.72|0.44;2026-03-28T09:29:45.800+01:00|W4|1.3|0.88|0.03|0.88|0.94;2026-03-28T09:29:45.800+01:00|W5|1.2|1.12|0.12|1.12|0.46;2026-03-28T09:29:45.800+01:00|W6|1.4|1.08|0.01|1.08|0.90;2026-03-28T09:29:45.800+01:00|W7|1.5|1.12|0.13|1.12|0.95;2026-03-28T09:29:45.800+01:00|W8|1.3|0.76|0.11|0.76|1.07;2026-03-28T09:29:45.800+01:00|W9|0.8|0.53|0.01|0.53|0.65;2026-03-28T09:29:45.800+01:00|W10|0.8|0.53|0.14|0.53|0.42;2026-03-28T09:29:45.800+01:00|W11|0.7|0.20|0.26|0.20|0.64;2026-03-28T09:29:45.800+01:00|W12|1.1|-0.17|0.23|-0.17|0.97"
148.00;3.68;2026-03-28T09:29:45.8757225+01:00;129.93;-3.40;-68.92;11.6;-5.361;-2.444;25.101;-31.643;0.774;-10.820;94.676;-71.854;118.896;"2026-03-28T09:29:45.800+01:00|W1|1.9|1.87|0.05|1.87|0.37;2026-03-28T09:29:45.800+01:00|W2|1.4|1.40|0.04|1.40|0.15;2026-03-28T09:29:45.800+01:00|W3|1.8|1.72|0.15|1.72|0.44;2026-03-28T09:29:45.800+01:00|W4|1.3|0.88|0.03|0.88|0.94;2026-03-28T09:29:45.800+01:00|W5|1.2|1.12|0.12|1.12|0.46;2026-03-28T09:29:45.800+01:00|W6|1.4|1.08|0.01|1.08|0.90;2026-03-28T09:29:45.800+01:00|W7|1.5|1.12|0.13|1.12|0.95;2026-03-28T09:29:45.800+01:00|W8|1.3|0.76|0.11|0.76|1.07;2026-03-28T09:29:45.800+01:00|W9|0.8|0.53|0.01|0.53|0.65;2026-03-28T09:29:45.800+01:00|W10|0.8|0.53|0.14|0.53|0.42;2026-03-28T09:29:45.800+01:00|W11|0.7|0.20|0.26|0.20|0.64;2026-03-28T09:29:45.800+01:00|W12|1.1|-0.17|0.23|-0.17|0.97"
149.00;3.68;2026-03-28T09:29:45.9068301+01:00;130.75;-3.43;-69.54;11.4;-4.837;-2.831;24.018;-32.295;0.124;-11.292;94.629;-71.791;118.820;"2026-03-28T09:29:45.800+01:00|W1|1.9|1.87|0.05|1.87|0.37;2026-03-28T09:29:45.800+01:00|W2|1.4|1.40|0.04|1.40|0.15;2026-03-28T09:29:45.800+01:00|W3|1.8|1.72|0.15|1.72|0.44;2026-03-28T09:29:45.800+01:00|W4|1.3|0.88|0.03|0.88|0.94;2026-03-28T09:29:45.800+01:00|W5|1.2|1.12|0.12|1.12|0.46;2026-03-28T09:29:45.800+01:00|W6|1.4|1.08|0.01|1.08|0.90;2026-03-28T09:29:45.800+01:00|W7|1.5|1.12|0.13|1.12|0.95;2026-03-28T09:29:45.800+01:00|W8|1.3|0.76|0.11|0.76|1.07;2026-03-28T09:29:45.800+01:00|W9|0.8|0.53|0.01|0.53|0.65;2026-03-28T09:29:45.800+01:00|W10|0.8|0.53|0.14|0.53|0.42;2026-03-28T09:29:45.800+01:00|W11|0.7|0.20|0.26|0.20|0.64;2026-03-28T09:29:45.800+01:00|W12|1.1|-0.17|0.23|-0.17|0.97"
150.00;3.67;2026-03-28T09:29:45.9374480+01:00;131.55;-3.45;-70.15;11.4;-4.320;-3.085;23.325;-32.553;-0.453;-11.837;94.572;-71.684;118.711;"2026-03-28T09:29:46.054+01:00|W1|1.9|1.84|0.09|1.84|0.37;2026-03-28T09:29:46.054+01:00|W2|1.3|1.29|0.13|1.29|0.10;2026-03-28T09:29:46.054+01:00|W3|1.8|1.74|0.13|1.74|0.31;2026-03-28T09:29:46.054+01:00|W4|1.3|0.88|0.01|0.88|0.95;2026-03-28T09:29:46.054+01:00|W5|1.2|1.10|0.11|1.10|0.50;2026-03-28T09:29:46.054+01:00|W6|1.4|1.05|0.04|1.05|0.87;2026-03-28T09:29:46.054+01:00|W7|1.5|1.09|0.13|1.09|0.97;2026-03-28T09:29:46.054+01:00|W8|1.3|0.78|0.15|0.78|1.00;2026-03-28T09:29:46.054+01:00|W9|0.8|0.47|0.01|0.47|0.67;2026-03-28T09:29:46.054+01:00|W10|0.7|0.57|0.21|0.57|0.30;2026-03-28T09:29:46.054+01:00|W11|0.6|0.18|0.34|0.18|0.55;2026-03-28T09:29:46.054+01:00|W12|1.1|-0.29|0.21|-0.29|1.02"
151.00;3.67;2026-03-28T09:29:45.9674908+01:00;132.34;-3.48;-70.75;11.5;-3.814;-3.183;23.089;-32.349;-0.945;-12.467;94.505;-71.525;118.562;"2026-03-28T09:29:46.054+01:00|W1|1.9|1.84|0.09|1.84|0.37;2026-03-28T09:29:46.054+01:00|W2|1.3|1.29|0.13|1.29|0.10;2026-03-28T09:29:46.054+01:00|W3|1.8|1.74|0.13|1.74|0.31;2026-03-28T09:29:46.054+01:00|W4|1.3|0.88|0.01|0.88|0.95;2026-03-28T09:29:46.054+01:00|W5|1.2|1.10|0.11|1.10|0.50;2026-03-28T09:29:46.054+01:00|W6|1.4|1.05|0.04|1.05|0.87;2026-03-28T09:29:46.054+01:00|W7|1.5|1.09|0.13|1.09|0.97;2026-03-28T09:29:46.054+01:00|W8|1.3|0.78|0.15|0.78|1.00;2026-03-28T09:29:46.054+01:00|W9|0.8|0.47|0.01|0.47|0.67;2026-03-28T09:29:46.054+01:00|W10|0.7|0.57|0.21|0.57|0.30;2026-03-28T09:29:46.054+01:00|W11|0.6|0.18|0.34|0.18|0.55;2026-03-28T09:29:46.054+01:00|W12|1.1|-0.29|0.21|-0.29|1.02"
152.00;3.66;2026-03-28T09:29:45.9972321+01:00;133.12;-3.51;-71.34;11.8;-3.496;-3.314;22.685;-32.852;-1.385;-13.185;94.447;-71.632;118.579;"2026-03-28T09:29:46.054+01:00|W1|1.9|1.84|0.09|1.84|0.37;2026-03-28T09:29:46.054+01:00|W2|1.3|1.29|0.13|1.29|0.10;2026-03-28T09:29:46.054+01:00|W3|1.8|1.74|0.13|1.74|0.31;2026-03-28T09:29:46.054+01:00|W4|1.3|0.88|0.01|0.88|0.95;2026-03-28T09:29:46.054+01:00|W5|1.2|1.10|0.11|1.10|0.50;2026-03-28T09:29:46.054+01:00|W6|1.4|1.05|0.04|1.05|0.87;2026-03-28T09:29:46.054+01:00|W7|1.5|1.09|0.13|1.09|0.97;2026-03-28T09:29:46.054+01:00|W8|1.3|0.78|0.15|0.78|1.00;2026-03-28T09:29:46.054+01:00|W9|0.8|0.47|0.01|0.47|0.67;2026-03-28T09:29:46.054+01:00|W10|0.7|0.57|0.21|0.57|0.30;2026-03-28T09:29:46.054+01:00|W11|0.6|0.18|0.34|0.18|0.55;2026-03-28T09:29:46.054+01:00|W12|1.1|-0.29|0.21|-0.29|1.02"
153.00;3.66;2026-03-28T09:29:46.0268945+01:00;133.90;-3.53;-71.93;12.1;-3.248;-3.458;22.268;-33.397;-1.804;-13.916;94.397;-71.786;118.631;"2026-03-28T09:29:46.054+01:00|W1|1.9|1.84|0.09|1.84|0.37;2026-03-28T09:29:46.054+01:00|W2|1.3|1.29|0.13|1.29|0.10;2026-03-28T09:29:46.054+01:00|W3|1.8|1.74|0.13|1.74|0.31;2026-03-28T09:29:46.054+01:00|W4|1.3|0.88|0.01|0.88|0.95;2026-03-28T09:29:46.054+01:00|W5|1.2|1.10|0.11|1.10|0.50;2026-03-28T09:29:46.054+01:00|W6|1.4|1.05|0.04|1.05|0.87;2026-03-28T09:29:46.054+01:00|W7|1.5|1.09|0.13|1.09|0.97;2026-03-28T09:29:46.054+01:00|W8|1.3|0.78|0.15|0.78|1.00;2026-03-28T09:29:46.054+01:00|W9|0.8|0.47|0.01|0.47|0.67;2026-03-28T09:29:46.054+01:00|W10|0.7|0.57|0.21|0.57|0.30;2026-03-28T09:29:46.054+01:00|W11|0.6|0.18|0.34|0.18|0.55;2026-03-28T09:29:46.054+01:00|W12|1.1|-0.29|0.21|-0.29|1.02"
154.00;3.66;2026-03-28T09:29:46.0565464+01:00;134.68;-3.56;-72.52;12.4;-3.166;-3.651;22.098;-32.818;-2.156;-14.574;94.394;-71.774;118.620;"2026-03-28T09:29:46.054+01:00|W1|1.9|1.84|0.09|1.84|0.37;2026-03-28T09:29:46.054+01:00|W2|1.3|1.29|0.13|1.29|0.10;2026-03-28T09:29:46.054+01:00|W3|1.8|1.74|0.13|1.74|0.31;2026-03-28T09:29:46.054+01:00|W4|1.3|0.88|0.01|0.88|0.95;2026-03-28T09:29:46.054+01:00|W5|1.2|1.10|0.11|1.10|0.50;2026-03-28T09:29:46.054+01:00|W6|1.4|1.05|0.04|1.05|0.87;2026-03-28T09:29:46.054+01:00|W7|1.5|1.09|0.13|1.09|0.97;2026-03-28T09:29:46.054+01:00|W8|1.3|0.78|0.15|0.78|1.00;2026-03-28T09:29:46.054+01:00|W9|0.8|0.47|0.01|0.47|0.67;2026-03-28T09:29:46.054+01:00|W10|0.7|0.57|0.21|0.57|0.30;2026-03-28T09:29:46.054+01:00|W11|0.6|0.18|0.34|0.18|0.55;2026-03-28T09:29:46.054+01:00|W12|1.1|-0.29|0.21|-0.29|1.02"
155.00;3.65;2026-03-28T09:29:46.0862023+01:00;135.45;-3.58;-73.11;12.7;-3.085;-3.843;21.928;-32.238;-2.508;-15.232;94.392;-71.762;118.608;"2026-03-28T09:29:46.054+01:00|W1|1.9|1.84|0.09|1.84|0.37;2026-03-28T09:29:46.054+01:00|W2|1.3|1.29|0.13|1.29|0.10;2026-03-28T09:29:46.054+01:00|W3|1.8|1.74|0.13|1.74|0.31;2026-03-28T09:29:46.054+01:00|W4|1.3|0.88|0.01|0.88|0.95;2026-03-28T09:29:46.054+01:00|W5|1.2|1.10|0.11|1.10|0.50;2026-03-28T09:29:46.054+01:00|W6|1.4|1.05|0.04|1.05|0.87;2026-03-28T09:29:46.054+01:00|W7|1.5|1.09|0.13|1.09|0.97;2026-03-28T09:29:46.054+01:00|W8|1.3|0.78|0.15|0.78|1.00;2026-03-28T09:29:46.054+01:00|W9|0.8|0.47|0.01|0.47|0.67;2026-03-28T09:29:46.054+01:00|W10|0.7|0.57|0.21|0.57|0.30;2026-03-28T09:29:46.054+01:00|W11|0.6|0.18|0.34|0.18|0.55;2026-03-28T09:29:46.054+01:00|W12|1.1|-0.29|0.21|-0.29|1.02"
156.00;3.64;2026-03-28T09:29:46.1158636+01:00;136.23;-3.60;-73.70;13.0;-3.004;-4.036;21.757;-31.659;-2.861;-15.890;94.390;-71.750;118.596;"2026-03-28T09:29:46.054+01:00|W1|1.9|1.84|0.09|1.84|0.37;2026-03-28T09:29:46.054+01:00|W2|1.3|1.29|0.13|1.29|0.10;2026-03-28T09:29:46.054+01:00|W3|1.8|1.74|0.13|1.74|0.31;2026-03-28T09:29:46.054+01:00|W4|1.3|0.88|0.01|0.88|0.95;2026-03-28T09:29:46.054+01:00|W5|1.2|1.10|0.11|1.10|0.50;2026-03-28T09:29:46.054+01:00|W6|1.4|1.05|0.04|1.05|0.87;2026-03-28T09:29:46.054+01:00|W7|1.5|1.09|0.13|1.09|0.97;2026-03-28T09:29:46.054+01:00|W8|1.3|0.78|0.15|0.78|1.00;2026-03-28T09:29:46.054+01:00|W9|0.8|0.47|0.01|0.47|0.67;2026-03-28T09:29:46.054+01:00|W10|0.7|0.57|0.21|0.57|0.30;2026-03-28T09:29:46.054+01:00|W11|0.6|0.18|0.34|0.18|0.55;2026-03-28T09:29:46.054+01:00|W12|1.1|-0.29|0.21|-0.29|1.02"
157.00;3.64;2026-03-28T09:29:46.1455993+01:00;137.01;-3.62;-74.29;13.4;-3.185;-4.287;22.058;-31.463;-2.988;-16.375;94.387;-71.765;118.604;"2026-03-28T09:29:46.054+01:00|W1|1.9|1.84|0.09|1.84|0.37;2026-03-28T09:29:46.054+01:00|W2|1.3|1.29|0.13|1.29|0.10;2026-03-28T09:29:46.054+01:00|W3|1.8|1.74|0.13|1.74|0.31;2026-03-28T09:29:46.054+01:00|W4|1.3|0.88|0.01|0.88|0.95;2026-03-28T09:29:46.054+01:00|W5|1.2|1.10|0.11|1.10|0.50;2026-03-28T09:29:46.054+01:00|W6|1.4|1.05|0.04|1.05|0.87;2026-03-28T09:29:46.054+01:00|W7|1.5|1.09|0.13|1.09|0.97;2026-03-28T09:29:46.054+01:00|W8|1.3|0.78|0.15|0.78|1.00;2026-03-28T09:29:46.054+01:00|W9|0.8|0.47|0.01|0.47|0.67;2026-03-28T09:29:46.054+01:00|W10|0.7|0.57|0.21|0.57|0.30;2026-03-28T09:29:46.054+01:00|W11|0.6|0.18|0.34|0.18|0.55;2026-03-28T09:29:46.054+01:00|W12|1.1|-0.29|0.21|-0.29|1.02"
158.00;3.64;2026-03-28T09:29:46.1753303+01:00;137.79;-3.65;-74.89;13.7;-3.469;-4.550;22.509;-31.382;-3.027;-16.763;94.391;-71.796;118.626;"2026-03-28T09:29:46.054+01:00|W1|1.9|1.84|0.09|1.84|0.37;2026-03-28T09:29:46.054+01:00|W2|1.3|1.29|0.13|1.29|0.10;2026-03-28T09:29:46.054+01:00|W3|1.8|1.74|0.13|1.74|0.31;2026-03-28T09:29:46.054+01:00|W4|1.3|0.88|0.01|0.88|0.95;2026-03-28T09:29:46.054+01:00|W5|1.2|1.10|0.11|1.10|0.50;2026-03-28T09:29:46.054+01:00|W6|1.4|1.05|0.04|1.05|0.87;2026-03-28T09:29:46.054+01:00|W7|1.5|1.09|0.13|1.09|0.97;2026-03-28T09:29:46.054+01:00|W8|1.3|0.78|0.15|0.78|1.00;2026-03-28T09:29:46.054+01:00|W9|0.8|0.47|0.01|0.47|0.67;2026-03-28T09:29:46.054+01:00|W10|0.7|0.57|0.21|0.57|0.30;2026-03-28T09:29:46.054+01:00|W11|0.6|0.18|0.34|0.18|0.55;2026-03-28T09:29:46.054+01:00|W12|1.1|-0.29|0.21|-0.29|1.02"
159.00;3.63;2026-03-28T09:29:46.2045570+01:00;138.57;-3.67;-75.48;13.8;-3.902;-4.687;22.701;-30.974;-2.942;-16.580;94.489;-71.924;118.777;"2026-03-28T09:29:46.305+01:00|W1|1.9|1.86|0.05|1.86|0.39;2026-03-28T09:29:46.305+01:00|W2|1.3|1.23|0.17|1.23|0.07;2026-03-28T09:29:46.305+01:00|W3|1.8|1.74|0.12|1.74|0.28;2026-03-28T09:29:46.305+01:00|W4|1.3|0.89|0.00|0.89|0.95;2026-03-28T09:29:46.305+01:00|W5|1.2|1.10|0.10|1.10|0.48;2026-03-28T09:29:46.305+01:00|W6|1.4|1.04|0.01|1.04|0.92;2026-03-28T09:29:46.305+01:00|W7|1.5|1.04|0.09|1.04|1.06;2026-03-28T09:29:46.305+01:00|W8|1.3|0.85|0.08|0.85|1.02;2026-03-28T09:29:46.305+01:00|W9|0.9|0.51|0.08|0.51|0.74;2026-03-28T09:29:46.305+01:00|W10|0.8|0.49|0.15|0.49|0.59;2026-03-28T09:29:46.305+01:00|W11|0.6|0.18|0.34|0.18|0.55;2026-03-28T09:29:46.305+01:00|W12|1.2|-0.30|0.13|-0.30|1.13"
160.00;3.62;2026-03-28T09:29:46.2340238+01:00;139.35;-3.69;-76.08;13.9;-4.301;-4.824;22.877;-30.561;-2.864;-16.395;94.551;-71.989;118.863;"2026-03-28T09:29:46.305+01:00|W1|1.9|1.86|0.05|1.86|0.39;2026-03-28T09:29:46.305+01:00|W2|1.3|1.23|0.17|1.23|0.07;2026-03-28T09:29:46.305+01:00|W3|1.8|1.74|0.12|1.74|0.28;2026-03-28T09:29:46.305+01:00|W4|1.3|0.89|0.00|0.89|0.95;2026-03-28T09:29:46.305+01:00|W5|1.2|1.10|0.10|1.10|0.48;2026-03-28T09:29:46.305+01:00|W6|1.4|1.04|0.01|1.04|0.92;2026-03-28T09:29:46.305+01:00|W7|1.5|1.04|0.09|1.04|1.06;2026-03-28T09:29:46.305+01:00|W8|1.3|0.85|0.08|0.85|1.02;2026-03-28T09:29:46.305+01:00|W9|0.9|0.51|0.08|0.51|0.74;2026-03-28T09:29:46.305+01:00|W10|0.8|0.49|0.15|0.49|0.59;2026-03-28T09:29:46.305+01:00|W11|0.6|0.18|0.34|0.18|0.55;2026-03-28T09:29:46.305+01:00|W12|1.2|-0.30|0.13|-0.30|1.13"
212.00;0.00;2026-03-28T09:29:47.7664413+01:00;179.71;-4.79;-108.02;0.4;-28.694;-25.386;-3.900;-0.345;-6.657;-0.688;96.939;-83.620;128.042;"2026-03-28T09:29:47.806+01:00|W1|2.0|1.98|0.07|1.98|0.22;2026-03-28T09:29:47.806+01:00|W2|1.4|1.31|0.08|1.31|0.07;2026-03-28T09:29:47.806+01:00|W3|1.5|1.38|0.15|1.38|0.41;2026-03-28T09:29:47.806+01:00|W4|1.5|1.03|0.21|1.03|1.14;2026-03-28T09:29:47.806+01:00|W5|1.2|1.03|0.04|1.03|0.60;2026-03-28T09:29:47.806+01:00|W6|1.2|0.84|0.20|0.84|0.72;2026-03-28T09:29:47.806+01:00|W7|1.4|1.06|0.12|1.06|0.90;2026-03-28T09:29:47.806+01:00|W8|1.7|0.86|0.23|0.86|1.38;2026-03-28T09:29:47.806+01:00|W9|1.2|0.49|0.30|0.49|1.01;2026-03-28T09:29:47.806+01:00|W10|1.7|1.39|0.72|1.39|0.90;2026-03-28T09:29:47.806+01:00|W11|0.6|0.18|0.34|0.18|0.55;2026-03-28T09:29:47.806+01:00|W12|1.1|-0.11|0.15|-0.11|1.06"
